person_id,spouse_id,marriage_id,union_status,m_number,is_old_style,m_day,m_month,m_year,church_id,place_id,m_admin_division,m_civil_place_details,m_civil_place_address,date_sort
2,3,M_2_3_1,1,1,,22,5,1982,,RU_NEFT,Ханти-Мансійський автономний округ / Тюменська область / РРФСР / СРСР,Відділ реєстрації актів цивільного стану,"1-й мікрорайон, буд. 23",1982-05-22
2,3,M_2_3_1,,1,,31,7,1994,UA_SAM_POK,UA_SAM,Львівська область / Україна,,,1994-07-31
3,2,M_3,1,1,,,,,,,,,,
4,,M_4_1,1,1,,,,,,,,,,
4,5,M_4_2,2,,,,,1948,,,,,,1948-00-00
4,5,M_4_2,1,2,,,,,,,,,,1964-00-00
5,4,M_5,1,1,,,,,,,,,,
6,,M_6_1,2,,,,,,,,,,,
6,7,M_6_2,1,1,,14,12,1945,,UA_DUB,Дублянський район / Дрогобицька область / УРСР / СРСР,Відділ реєстрації актів цивільного стану,,1945-12-14
7,6,M_7,1,1,,,,,,,,,,
8,9,M_8,,1,,,,1900-1902,,,,,,1900-00-00
9,8,M_9,,1,,,,,,,,,,
10,11,M_10,,1,1,31,1,1914,RU_BAB_MYK,RU_BAB,Домославська волость / Вишньоволоцький повіт / Тверська губернія / Російська імперія,,,1914-01-31
11,10,M_11,,1,,,,,,,,,,
12,,M_12_1,,1,1,7,1,1902,,,,,,1902-01-07
12,13,M_12_2,,2,1,9,4,1906,RU_LEL_TRI,RU_LEL,Лелечівська волость / Єгор'євський повіт / Рязанська губернія / Російська імперія,,,1906-04-09
13,12,M_13,,1,,,,,,,,,,
14,15,M_14,,1,,12,9,1920,UA_HOROD_DUH,UA_HOROD,Самбірський повіт / Польська Республіка,,,1920-09-12
15,14,M_15_1,,1,,,,,,,,,,
15,,M_15_2,,2,,,,,,,,,,
15,,M_15_3,,3,,,,,,,,,,
16,17,M_16,,1,1,30,1,1856,RU_KRE_PET,RU_NAZ,Вишньоволоцький повіт / Тверська губернія / Російська імперія,,,1856-01-30
17,16,M_17,,1,,,,,,,,,,
18,19,M_18_1,,1,,,,,,,,,,
18,,M_18_2,,2,,,,,,,,,,
19,18,M_19,,1,,,,,,,,,,
20,21,M_20,,1,,,,,,,,,,
21,20,M_21,,1,,,,,,,,,,
22,23,M_22,,1,1,30,7,1882,RU_BAB_MYK,RU_BAB,Домославська волость / Вишньоволоцький повіт / Тверська губернія / Російська імперія,,,1882-07-30
23,22,M_23,,1,,,,,,,,,,
24,25,M_24,,1,1,1,6,1870,RU_LEL_TRI,RU_LEL,Лелечівська волость / Єгор'євський повіт / Рязанська губернія / Російська імперія,,,1870-06-01
25,24,M_25,,1,,,,,,,,,,
26,27,M_26,,1,1,19,9,1886,RU_LEL_TRI,RU_LEL,Лелечівська волость / Єгор'євський повіт / Рязанська губернія / Російська імперія,,,1886-09-19
27,26,M_27,,1,,,,,,,,,,
28,29,M_28,,1,,19,11,1876,UA_HOROD_DUH,UA_HOROD,Самбірський повіт / Королівство Галичини та Володимирії / Австро-Угорська імперія,,,1876-11-19
29,28,M_29,,1,,,,,,,,,,
30,31,M_30,,1,,8,11,1887,UA_HOROD_DUH,UA_HOROD,Самбірський повіт / Королівство Галичини та Володимирії / Австро-Угорська імперія,,,1887-11-08
31,f31_1,M_31_1,,1,,29,2,1880,,,,,,1880-02-29
31,30,M_31_2,,2,,,,,,,,,,
31,f31_2,M_31_3,,3,,11,2,1909,,,,,,1909-02-11
32,33,M_32,,1,1,18,1,1826,RU_KRE_PET,RU_NAZ,Вишньоволоцький повіт / Тверська губернія / Російська імперія,,,1826-01-18
33,32,M_33,,1,,,,,,,,,,
34,35,M_34,,1,1,18,1,1833,RU_KRE_PET,RU_NAZ,Вишньоволоцький повіт / Тверська губернія / Російська імперія,,,1833-01-18
35,34,M_35,,1,,,,,,,,,,
36,37,M_36,,1,1,19,10,1834,RU_KOZ_S_VVE,RU_KOZ_S,Вишньоволоцький повіт / Тверська губернія / Російська імперія,,,1834-10-19
37,36,M_37,,1,,,,,,,,,,
38,39,M_38,,1,1,21,2,1826,RU_KOZ_S_VVE,RU_KOZ_S,Вишньоволоцький повіт / Тверська губернія / Російська імперія,,,1826-02-21
39,38,M_39,,1,,,,,,,,,,
40,41,M_40,,1,1,15,2,1850,RU_BAB_MYK,RU_BAB,Вишньоволоцький повіт / Тверська губернія / Російська імперія,,,1850-02-15
41,40,M_41,,1,,,,,,,,,,
42,43,M_42,,1,1,26,3,1844,RU_OSE_TRI,RU_OSE,Вишньоволоцький повіт / Тверська губернія / Російська імперія,,,1844-03-26
43,42,M_43,,1,,,,,,,,,,
44,45,M_44,,1,1,31,1,1849,RU_OSE_TRI,RU_OSE,Вишньоволоцький повіт / Тверська губернія / Російська імперія,,,1849-01-31
45,44,M_45,,1,,,,,,,,,,
46,47,M_46_1,,1,1,25,3,1839,RU_OSE_TRI,RU_OSE,Вишньоволоцький повіт / Тверська губернія / Російська імперія,,,1839-03-25
46,,M_46_2,,2,1,19,4,1882,,,,,,1882-04-19
47,46,M_47,,1,,,,,,,,,,
48,,M_48_1,,1,1,3,5,1827,,,,,,1827-05-03
48,,M_48_2,,2,1,12,5,1847,,,,,,1847-05-12
48,49,M_48_3,,3,1,24,7,1849,RU_LEL_TRI,RU_LEL,Єгор’євський повіт / Рязанська губернія / Російська імперія,,,1849-07-24
49,,M_49_1,,1,1,20,9,1840,,,,,,1840-09-20
49,48,M_49_2,,2,,,,,,,,,,
50,,M_50_1,,1,1,19,9,1837,,,,,,1837-09-19
50,51,M_50_2,,2,1,26,9,1848,RU_LEL_TRI,RU_LEL,Єгор’євський повіт / Рязанська губернія / Російська імперія,,,1848-09-26
51,,M_51_1,,1,1,20,9,1844,,,,,,1844-09-20
51,50,M_51_2,,2,,,,,,,,,,
52,,M_52_1,,1,1,1,11,1842,,,,,,1842-11-01
52,53,M_52_2,,2,1,7,1,1844,RU_LEL_TRI,RU_LEL,Єгор’євський повіт / Рязанська губернія / Російська імперія,,,1844-01-07
53,52,M_53,,1,,,,,,,,,,
54,55,M_54,,1,1,8,7,1853,RU_LEL_TRI,RU_LEL,Єгор’євський повіт / Рязанська губернія / Російська імперія,,,1853-07-08
55,54,M_55,,1,,,,,,,,,,
56,57,M_56,,1,,,,1830-1832,,,,,,1830-00-00
57,56,M_57,,1,,,,,,,,,,
58,59,M_58,,1,,25,11,1838,UA_HOROD_DUH,UA_HOROD,Самбірський округ / Королівство Галичини та Володимирії / Австрійська імперія,,,1838-11-25
59,58,M_59,,1,,,,,,,,,,
60,61,M_60,,1,,,,1858-1859,,,,,,1858-00-00
61,60,M_61,,1,,,,,,,,,,
62,63,M_62,,1,,,,1860-1861,,,,,,1860-00-00
63,62,M_63,,1,,,,,,,,,,
64,65,M_64,,1,1,17,5,1803,RU_KRE_PET,RU_NAZ,Вишньоволоцький повіт / Тверська губернія / Російська імперія,,,1803-05-17
65,64,M_65,,1,,,,,,,,,,
66,67,M_66,,1,1,20,2,1799,RU_KRE_PET,RU_NAZ,Вишньоволоцький повіт / Тверська губернія / Російська імперія,,,1799-02-20
67,,M_67_1,,1,1,5,2,1794,,,,,,1794-02-05
67,66,M_67_2,,2,,,,,,,,,,
68,69,M_68,,1,1,6,10,1799,RU_KRE_PET,RU_NAZ,Вишньоволоцький повіт / Тверська губернія / Російська імперія,,,1799-10-06
69,68,M_69,,1,,,,,,,,,,
70,71,M_70,,1,1,6,10,1809,RU_KRE_PET,RU_NAZ,Вишньоволоцький повіт / Тверська губернія / Російська імперія,,,1809-10-06
70,,,,,,11,10,1810,,,,,,1810-10-11
71,70,M_71,,1,,,,,,,,,,
72,73,M_72,,1,1,12,11,1811,RU_KOZ_S_VVE,RU_KOZ_S,Вишньоволоцький повіт / Тверська губернія / Російська імперія,,,1811-11-12
73,72,M_73,,1,,,,,,,,,,
74,75,M_74,,1,1,6,2,1805,RU_KOZ_S_VVE,RU_KOZ_S,Вишньоволоцький повіт / Тверська губернія / Російська імперія,,,1805-02-06
75,74,M_75,,1,,,,,,,,,,
76,77,M_76,,1,1,1,1,1796,RU_KOZ_S_VVE,RU_KOZ_S,Вишньоволоцький повіт / Тверське намісництво / Російська імперія,,,1796-01-00
77,76,M_77,,1,,,,,,,,,,
78,79,M_78,,1,1,14,1,1798,RU_KOZ_S_VVE,RU_KOZ_S,Вишньоволоцький повіт / Тверська губернія / Російська імперія,,,1798-01-14
79,78,M_79,,1,,,,,,,,,,
80,81,M_80,,1,1,14,2,1823,RU_BAB_MYK,RU_BAB,Вишньоволоцький повіт / Тверська губернія / Російська імперія,,,1823-02-14
81,80,M_81,,1,,,,,,,,,,
82,83,M_82,,1,1,6,2,1824,RU_MAT_PRE,RU_MAT,Вишньоволоцький повіт / Тверська губернія / Російська імперія,,,1824-02-06
83,82,M_83,,1,,,,,,,,,,
84,85,M_84,,1,1,5,2,1808,RU_OSE_TRI,RU_OSE,Вишньоволоцький повіт / Тверська губернія / Російська імперія,,,1808-02-05
85,84,M_85,,1,,,,,,,,,,
86,87,M_86,,1,1,11,2,1812,RU_OSE_TRI,RU_OSE,Вишньоволоцький повіт / Тверська губернія / Російська імперія,,,1812-02-11
87,86,M_87,,1,,,,,,,,,,
90,91,M_90,,1,1,30,1,1822,RU_OSE_TRI,RU_OSE,Вишньоволоцький повіт / Тверська губернія / Російська імперія,,,1822-01-30
91,90,M_91,,1,,,,,,,,,,
92,93,M_92,,1,1,18,7,1820,RU_OSE_TRI,RU_OSE,Вишньоволоцький повіт / Тверська губернія / Російська імперія,,,1820-07-18
93,92,M_93,,1,,,,,,,,,,
94,95,M_94,,1,1,11,2,1810,RU_OSE_TRI,RU_OSE,Вишньоволоцький повіт / Тверська губернія / Російська імперія,,,1810-02-11
95,94,M_95,,1,,,,,,,,,,
96,97,M_96,,1,1,21,9,1804,RU_LEL_TRI,RU_LEL,Єгор’євський повіт / Рязанська губернія / Російська імперія,,,1804-09-21
97,96,M_97,,1,,,,,,,,,,
98,,M_98_1,,1,,,,,,,,,,
98,99,M_98_2,,2,,,,1811-1816,,,,,,1811-00-00
99,,M_99_1,,1,1,26,4,1797,,,,,,1797-04-26
99,98,M_99_2,,2,,,,,,,,,,
100,101,M_100,,1,1,22,9,1813,RU_LEL_TRI,RU_LEL,Єгор’євський повіт / Рязанська губернія / Російська імперія,,,1813-09-22
101,100,M_101,,1,,,,,,,,,,
102,103,M_102,,1,1,18,5,1809,RU_LEL_TRI,RU_LEL,Єгор’євський повіт / Рязанська губернія / Російська імперія,,,1809-05-18
103,102,M_103,,1,,,,,,,,,,
104,105,M_104_1,,1,1,3,6,1818,RU_LEL_TRI,RU_LEL,Єгор’євський повіт / Рязанська губернія / Російська імперія,,,1818-06-03
104,,M_104_2,,2,,,,,,,,,,
105,104,M_105,,1,,,,,,,,,,
106,107,M_106,,1,1,17,5,1814,RU_LEL_TRI,RU_LEL,Єгор’євський повіт / Рязанська губернія / Російська імперія,,,1814-05-17
107,106,M_107,,1,,,,,,,,,,
108,109,M_108,,1,1,23,5,1827,RU_LEL_TRI,RU_LEL,Єгор’євський повіт / Рязанська губернія / Російська імперія,,,1827-05-23
109,108,M_109,,1,,,,,,,,,,
110,111,M_110,,1,1,8,1,1832,RU_LEL_TRI,RU_LEL,Єгор’євський повіт / Рязанська губернія / Російська імперія,,,1832-01-08
111,110,M_111,,1,,,,,,,,,,
112,113,M_112,,1,,11,11,1797,UA_NAH_TRI,UA_NAH,Самбірський округ / Королівство Галичини та Володимирії / Габсбурзька монархія,,,1797-11-11
113,112,M_113,,1,,,,,,,,,,
114,115,M_114,,1,,,,1809-1814,,,,,,1809-00-00
115,114,M_115,,1,,,,,,,,,,
116,117,M_116,,1,,15,2,1807,UA_HOROD_DUH,UA_HOROD,Самбірський округ / Королівство Галичини та Володимирії / Австрійська імперія,,,1807-02-15
117,116,M_117,,1,,,,,,,,,,
118,119,M_118_1,,1,,14,7,1798,UA_KUL_FLO,UA_KUL,Самбірський округ / Королівство Галичини та Володимирії / Габсбурзька монархія,,,1798-07-14
118,,M_118_2,,2,,12,6,1821,,,,,,1821-06-12
119,118,M_119,,1,,,,,,,,,,
120,121,M_120_1,,1,,7,11,1832,UA_STU_YUR,UA_STU,Самбірський округ / Королівство Галичини та Володимирії / Австрійська імперія,,,1832-11-07
120,,M_120_2,,2,,,,1852-1853,,,,,,1852-00-00
121,120,M_121,,1,,,,,,,,,,
122,123,M_122,,1,,8,2,1832,UA_STU_YUR,UA_STU,Самбірський округ / Королівство Галичини та Володимирії / Австрійська імперія,,,1832-02-08
123,122,M_123,,1,,,,,,,,,,
124,,M_124_1,,1,,24,11,1822,,,,,,1822-11-24
124,125,M_124_2,,2,,29,10,1825,UA_HORD_DYM,UA_HORD,Самбірський округ / Королівство Галичини та Володимирії / Австрійська імперія,,,1825-10-29
125,124,M_125,,1,,,,,,,,,,
126,127,M_126,,1,,7,2,1839,UA_HOROD_DUH,UA_HOROD,Самбірський округ / Королівство Галичини та Володимирії / Австрійська імперія,,,1839-02-07
127,126,M_127_1,,1,,,,,,,,,,
127,,M_127_2,,2,,10,5,1851,,,,,,1851-05-10
127,,M_127_3,,3,,31,7,1864,,,,,,1864-07-31
127,,M_127_4,,4,,17,10,1882,,,,,,1882-10-17
128,129,M_128,,1,1,8,2,1779,RU_KRE_PET,RU_NAZ,Вишньоволоцький повіт / Тверське намісництво / Російська імперія,,,1779-02-08
129,128,M_129_1,,1,,,,,,,,,,
129,,M_129_2,,2,,,,,,,,,,
130,131,M_130,,1,,,,1773-1778,,,,,,1773-00-00
131,130,M_131,,1,,,,,,,,,,
132,133,M_132,,1,,,,1774-1775,,,,,,1774-00-00
133,132,M_133,,1,,,,,,,,,,
134,285,M_134_1,,1,,,,1738-1741,,,,,,1738-00-00
134,135,M_134_2,,2,,,,1761-1762,,,,,,1761-00-00
135,134,M_135,,1,,,,,,,,,,
136,137,M_136,,1,,,,,,,,,,
137,,M_137_1,,1,1,8,6,1770,,,,,,1770-06-08
137,136,M_137_2,,2,,,,,,,,,,
138,139,M_138,,1,,,,1771-1772,,,,,,1771-00-00
139,138,M_139,,1,,,,,,,,,,
140,141,M_140,,1,1,5,2,1777,RU_KRE_PET,RU_NAZ,Вишньоволоцький повіт / Тверське намісництво / Російська імперія,,,1777-02-05
141,140,M_141,,1,,,,,,,,,,
142,143,M_142,,1,,,,1775-1778,,,,,,1775-00-00
143,142,M_143,,1,,,,,,,,,,
144,145,M_144,,1,1,6,8,1780,RU_KOZ_S_VVE,RU_KOZ_S,Вишньоволоцький повіт / Тверське намісництво / Російська імперія,,,1780-08-06
145,144,M_145,,1,,,,,,,,,,
146,147,M_146,,1,1,13,2,1789,RU_KOZ_S_VVE,RU_KOZ_S,Вишньоволоцький повіт / Тверське намісництво / Російська імперія,,,1789-02-13
147,146,M_147,,1,,,,,,,,,,
148,149,M_148,,1,,,,1786-1790,,,,,,1786-00-00
149,,M_149_1,,1,1,19,2,1777,,,,,,1777-02-19
149,148,M_149_2,,2,,,,,,,,,,
150,151,M_150,,1,1,30,1,1780,RU_KOZ_S_VVE,RU_KOZ_S,Вишньоволоцький повіт / Тверське намісництво / Російська імперія,,,1780-01-30
151,150,M_151,,1,,,,,,,,,,
152,153,M_152,,1,1,6,7,1757,RU_KOZ_S_VVE,RU_KOZ_S,Тверська половина / Бежецька п'ятина / Новгородський повіт / Новгородська провінція / Новгородська губернія / Російська імперія,,,1757-07-06
153,,M_153_1,,1,1,30,1,1754,,,,,,1754-01-30
153,152,M_153_2,,2,,,,,,,,,,
154,155,M_154,,1,1,19,2,1755,RU_KOZ_S_VVE,RU_KOZ_S,Тверська половина / Бежецька п'ятина / Новгородський повіт / Новгородська провінція / Новгородська губернія / Російська імперія,,,1755-02-19
155,154,M_155,,1,,,,,,,,,,
156,157,M_156,,1,,,,,,,,,,
157,156,M_157,,1,,,,,,,,,,
158,,M_158_1,,1,1,26,1,1759,,,,,,1759-01-26
158,159,M_158_2,,2,,,,,,,,,,
159,158,M_159,,1,,,,,,,,,,
160,161,M_160,,1,1,27,5,1795,RU_BAB_MYK,RU_BAB,Вишньоволоцький повіт / Тверське намісництво / Російська імперія,,,1795-05-27
161,160,M_161,,1,,,,,,,,,,
162,163,M_162,,1,1,16,2,1803,RU_BAB_MYK,RU_BAB,Вишньоволоцький повіт / Тверська губернія / Російська імперія,,,1803-02-16
163,162,M_163,,1,,,,,,,,,,
164,165,M_164,,1,,,,1785,RU_MAT_PRE,RU_MAT,Вишньоволоцький повіт / Тверське намісництво / Російська імперія,,,1785-00-00
165,164,M_165,,1,,,,,,,,,,
166,167,M_166,,1,,,2,1789,RU_OSE_VOS,RU_OSE,Вишньоволоцький повіт / Тверське намісництво / Російська імперія,,,1789-02-00
167,166,M_167,,1,,,,,,,,,,
168,169,M_168,,1,1,2,2,1776,RU_OSE_VOS,RU_OSE,Вишньоволоцький повіт / Тверське намісництво / Російська імперія,,,1776-02-02
169,168,M_169,,1,,,,,,,,,,
170,171,M_170,,1,1,2,2,1774,RU_BAB_MYK,RU_BAB,Вишньоволоцький повіт / Новгородська провінція / Новгородська губернія / Російська імперія,,,1774-02-02
171,170,M_171,,1,,,,,,,,,,
172,173,M_172,,1,,,2,1789,RU_OSE_VOS,RU_OSE,Вишньоволоцький повіт / Тверське намісництво / Російська імперія,,,1789-00-00
173,172,M_173,,1,,,,,,,,,,
174,175,M_174,,1,,,,1787-1791,,,,,,1787-00-00
175,174,M_175,,1,,,,,,,,,,
180,181,M_180,,1,,,,1785-1786,,,,,,1785-00-00
181,180,M_181,,1,,,,,,,,,,
182,,M_182_1,,1,,,,,,,,,,
182,183,M_182_2,,2,,,,,,,,,,
183,182,M_183,,1,,,,,,,,,,
184,185,M_184,,1,,,,,,,,,,
185,184,M_185,,1,,,,,,,,,,
186,187,M_186,,1,1,17,2,1784,RU_OSE_VOS,RU_OSE,Вишньоволоцький повіт / Тверське намісництво / Російська імперія,,,1784-02-17
187,186,M_187,,1,,,,,,,,,,
188,189,M_188,,1,1,11,1,1785,RU_OSE_VOS,RU_OSE,Вишньоволоцький повіт / Тверське намісництво / Російська імперія,,,1785-01-11
189,188,M_189,,1,,,,,,,,,,
190,191,M_190,,1,1,17,1,1776,RU_OSE_VOS,RU_OSE,Вишньоволоцький повіт / Тверське намісництво / Російська імперія,,,1776-01-17
191,190,M_191,,1,,,,,,,,,,
192,,M_192_1,,1,1,30,6,1750,,,,,,1750-06-30
192,193,M_192_2,,2,1,31,1,1770,RU_LEL_TRI,RU_LEL,Мещерська волость / Коломенський повіт / Московська провінція / Московська губернія / Російська імперія,,,1770-01-31
193,192,M_193,,1,,,,,,,,,,
194,195,M_194,,1,,,,,,,,,,
195,194,M_195,,1,,,,,,,,,,
196,197,M_196,,1,1,31,5,1751,RU_VOR_RIZ_B,,,,,1751-05-31
197,196,M_197,,1,,,,,,,,,,
198,,M_198_1,,1,,,,,,,,,,
198,199,M_198_2,,2,,,,,,,,,,
199,198,M_199,,1,,,,,,,,,,
200,201,M_200,,1,1,26,5,1770,RU_LEL_TRI,RU_LEL,Мещерська волость / Коломенський повіт / Московська провінція / Московська губернія / Російська імперія,,,1770-05-26
201,200,M_201,,1,,,,,,,,,,
202,,M_202_1,,1,1,1,10,1783,,,,,,1783-10-01
202,203,M_202_2,,2,1,25,4,1795,RU_LEL_TRI,RU_LEL,Єгор'євський повіт / Рязанське намісництво / Російська імперія,,,1795-04-25
203,202,M_203,,1,,,,,,,,,,
204,,M_204_1,,1,,,,,,,,,,
204,205,M_204_2,,2,1,16,5,1782,RU_LEL_TRI,RU_LEL,Єгор'євський повіт / Рязанське намісництво / Російська імперія,,,1782-05-16
205,204,M_205,,1,,,,,,,,,,
206,,M_206_1,,1,1,4,10,1780,,,,,,1780-10-04
206,207,M_206_2,,2,1,21,1,1792,RU_LEL_TRI,RU_LEL,Єгор'євський повіт / Рязанське намісництво / Російська імперія,,,1792-01-21
207,206,M_207,,1,,,,,,,,,,
208,209,M_208,,1,1,14,1,1784,RU_LEL_TRI,RU_LEL,Єгор'євський повіт / Рязанське намісництво / Російська імперія,,,1784-01-19
209,208,M_209,,1,,,,,,,,,,
210,211,M_210,,1,1,2,7,1789,RU_LEL_TRI,RU_LEL,Єгор'євський повіт / Рязанське намісництво / Російська імперія,,,1789-07-02
211,210,M_211,,1,,,,,,,,,,
212,,M_212_1,,1,1,12,6,1755,,,,,,1755-06-12
212,213,M_212_2,,2,1,25,4,1795,RU_LEL_TRI,RU_LEL,Єгор'євський повіт / Рязанське намісництво / Російська імперія,,,1795-04-25
213,,M_213_1,,1,,,,,,,,,,
213,212,M_213_2,,2,,,,,,,,,,
214,215,M_214,,1,1,25,1,1787,RU_LEL_TRI,RU_LEL,Єгор'євський повіт / Рязанське намісництво / Російська імперія,,,1787-01-25
215,214,M_215,,1,,,,,,,,,,
216,217,M_216,,1,1,18,5,1809,RU_LEL_TRI,RU_LEL,Єгор’євський повіт / Рязанська губернія / Російська імперія,,,1809-05-18
217,216,M_217,,1,,,,,,,,,,
218,219,M_218,,1,1,28,5,1792,RU_LEL_TRI,RU_LEL,Єгор'євський повіт / Рязанське намісництво / Російська імперія,,,1792-05-28
219,218,M_219,,1,,,,,,,,,,
220,221,M_220,,1,1,26,5,1792,RU_LEL_TRI,RU_LEL,Єгор'євський повіт / Рязанське намісництво / Російська імперія,,,1792-05-26
221,220,M_221,,1,,,,,,,,,,
222,223,M_222,,1,1,22,9,1813,RU_LEL_TRI,RU_LEL,Єгор’євський повіт / Рязанська губернія / Російська імперія,,,1813-09-22
223,222,M_223,,1,,,,,,,,,,
224,225,M_224,,1,,,,,,,,,,
225,224,M_225,,1,,,,,,,,,,
226,227,M_226,,1,,,,,,,,,,
227,226,M_227,,1,,,,,,,,,,
228,229,M_228_1,,1,,,,1783-1790,,,,,,1783-00-00
228,,M_228_2,,2,,26,5,1816,,,,,,1816-05-26
229,228,M_229,,1,,,,,,,,,,
232,233,M_232,,1,,,,,,,,,,
233,232,M_233,,1,,,,,,,,,,
234,,M_234_1,,1,,,,,,,,,,
234,235,M_234_2,,2,,29,1,1782,UA_HOROD_DUH,UA_HOROD,Самбірський дистрикт / Самбірський округ / Королівство Галичини та Володимирії / Габсбурзька монархія,,,1782-01-21
235,234,M_235,,1,,,,,,,,,,
236,237,M_236,,1,,,,,,,,,,
237,236,M_237,,1,,,,,,,,,,
238,239,M_238,,1,,,,1763,,,,,,1763-00-00
239,238,M_239,,1,,,,,,,,,,
240,241,M_240,,1,,6,8,1803,UA_HOROD_DUH,UA_HOROD,Самбірський округ / Королівство Галичини та Володимирії / Габсбурзька монархія,,,1803-08-06
241,240,M_241,,1,,,,,,,,,,
242,243,M_242,,1,,6,6,1797,UA_STU_YUR,UA_STU,Самбірський округ / Королівство Галичини та Володимирії / Габсбурзька монархія,,,1797-06-06
243,242,M_243,,1,,,,,,,,,,
244,245,M_244,,1,,6,11,1793,UA_STU_YUR,UA_STU,Самбірський округ / Королівство Галичини та Володимирії / Габсбурзька монархія,,,1793-10-06
245,244,M_245_1,,1,,,,,,,,,,
245,,M_245_2,,2,,18,2,1832,,,,,,1832-02-18
246,247,M_246,,1,,12,11,1815,UA_STU_YUR,UA_STU,Самбірський округ / Королівство Галичини та Володимирії / Австрійська імперія,,,1815-12-12
247,246,M_247,,1,,,,,,,,,,
248,,M_248_1,,1,,,,,,,,,,
248,249,M_248_2,,2,,,,,,,,,,
249,248,M_249,,1,,,,,,,,,,
250,251,M_250,,1,,,,,,,,,,
251,250,M_251,,1,,,,,,,,,,
252,253,M_252,,1,,18,2,1788,UA_HOROD_DUH,UA_HOROD,Самбірський округ / Королівство Галичини та Володимирії / Габсбурзька монархія,,,1788-02-18
253,252,M_253,,1,,,,,,,,,,
254,255,M_254,,1,,,,,,,,,,
255,254,M_255,,1,,,,,,,,,,
256,257,M_256_1,,1,,,,,,,,,,
256,,M_256_2,,2,1,3,2,1760,,,,,,1760-02-03
257,256,M_257,,1,,,,,,,,,,
258,,M_258_1,,1,1,21,1,1728,,,,,,1728-01-21
258,259,M_258_2,,2,1,2,2,1752,RU_KRE_PET,RU_NAZ,Тверська половина / Бежецька п'ятина / Новгородський повіт / Новгородська провінція / Новгородська губернія / Російська імперія,,,1752-02-02
259,,M_259_1,,1,,,,,,,,,,
259,258,M_259_2,,2,,,,,,,,,,
260,261,M_260_1,,1,1,29,1,1744,RU_KRE_PET,RU_NAZ,Тверська половина / Бежецька п'ятина / Новгородський повіт / Новгородська провінція / Новгородська губернія / Російська імперія,,,1744-02-09
260,,M_260_2,,2,,,,,,,,,,
261,260,M_261,,1,,,,,,,,,,
262,263,M_262,,1,1,13,2,1732,RU_POG_NOV_POK,RU_NOV_STAN,Тверська половина / Бежецька п'ятина / Новгородський повіт / Новгородська провінція / Новгородська губернія / Російська імперія,,,1732-02-24
263,262,M_263,,1,,,,,,,,,,
264,265,M_264,,1,,,,,,,,,,
265,264,M_265,,1,,,,,,,,,,
266,267,M_266,,1,,,,,,,,,,
267,266,M_267,,1,,,,,,,,,,
268,269,M_268,,1,,,,,,,,,,
269,268,M_269,,1,,,,,,,,,,
270,271,M_270,,1,,,,,,,,,,
271,270,M_271,,1,,,,,,,,,,
274,275,M_274,,1,1,25,1,1746,RU_TRE_MYH,RU_TRE,Тверська половина / Бежецька п'ятина / Новгородський повіт / Новгородська провінція / Новгородська губернія / Російська імперія,,,1746-01-25
275,,M_275_1,,1,,,,,,,,,,
275,274,M_275_2,,2,,,,,,,,,,
276,277,M_276,,1,1,15,10,1746,RU_KRE_PET,RU_NAZ,Тверська половина / Бежецька п'ятина / Новгородський повіт / Новгородська провінція / Новгородська губернія / Російська імперія,,,1746-10-15
277,276,M_277,,1,,,,,,,,,,
278,279,M_278,,1,1,20,2,1739,RU_TRE_MYH,RU_TRE,Тверська половина / Бежецька п'ятина / Новгородський повіт / Новгородська провінція / Новгородська губернія / Російська імперія,,,1739-02-20
279,278,M_279,,1,,,,,,,,,,
280,281,M_280,,1,,,,,,,,,,
281,280,M_281,,1,,,,,,,,,,
282,283,M_282,,1,,,,,,,,,,
283,282,M_283,,1,,,,,,,,,,
285,134,M_285,,1,,,,,,,,,,
286,287,M_286,,1,,,,,,,,,,
287,286,M_287,,1,,,,,,,,,,
288,,M_288_1,,1,,,,,,,,,,
288,289,M_288_2,,2,1,29,1,1744,RU_KOZ_S_VVE,RU_KOZ_S,Тверська половина / Бежецька п'ятина / Новгородський повіт / Новгородська провінція / Новгородська губернія / Російська імперія,,,1744-02-09
289,,M_289_1,,1,,,,,,,,,,
289,288,M_289_2,,2,,,,,,,,,,
290,,M_290_1,,1,1,20,1,1741,,,,,,1741-01-20
290,291,M_290_2,,2,1,1,7,1759,RU_OSE_VOS,RU_OSE,Тверська половина / Бежецька п'ятина / Новгородський повіт / Новгородська провінція / Новгородська губернія / Російська імперія,,,1759-07-01
290,,M_290_3,,3,,,,,,,,,,
291,,M_291_1,,1,,,,,,,,,,
291,290,M_291_2,,2,,,,,,,,,,
292,293,M_292,,1,1,15,2,1758,RU_KOZ_S_VVE,RU_KOZ_S,Тверська половина / Бежецька п'ятина / Новгородський повіт / Новгородська провінція / Новгородська губернія / Російська імперія,,,1758-02-26
293,292,M_293,,1,,,,,,,,,,
294,295,M_294,,1,1,22,1,1757,RU_KOZ_S_VVE,RU_KOZ_S,Тверська половина / Бежецька п'ятина / Новгородський повіт / Новгородська провінція / Новгородська губернія / Російська імперія,,,1757-02-02
295,294,M_295,,1,,,,,,,,,,
296,297,M_296,,1,1,3,2,1748,RU_SPA_PRE,RU_SPA,Тверська половина / Бежецька п'ятина / Новгородський повіт / Новгородська провінція / Новгородська губернія / Російська імперія,,,1748-02-14
297,296,M_297,,1,,,,,,,,,,
298,299,M_298,,1,1,4,2,1756,RU_KOZ_S_VVE,RU_KOZ_S,Тверська половина / Бежецька п'ятина / Новгородський повіт / Новгородська провінція / Новгородська губернія / Російська імперія,,,1756-02-15
299,298,M_299,,1,,,,,,,,,,
300,301,M_300,,1,,,,,,,,,,
301,300,M_301,,1,,,,,,,,,,
302,303,M_302,,1,1,26,1,1752,RU_POG_NOV_POK,RU_NOV_STAN,Тверська половина / Бежецька п'ятина / Новгородський повіт / Новгородська провінція / Новгородська губернія / Російська імперія,,,1752-02-06
303,302,M_303,,1,,,,,,,,,,
304,305,M_304,,1,,,,,,,,,,
305,304,M_305,,1,,,,,,,,,,
306,307,M_306,,1,,,,,,,,,,
307,306,M_307,,1,,,,,,,,,,
308,309,M_308,,1,,,,,,,,,,
309,308,M_309,,1,,,,,,,,,,
310,311,M_310,,1,,,,,,,,,,
311,310,M_311,,1,,,,,,,,,,
312,313,M_312,,1,,,,,,,,,,
313,312,M_313,,1,,,,,,,,,,
314,315,M_314,,1,,,,,,,,,,
315,314,M_315,,1,,,,,,,,,,
318,319,M_318,,1,1,15,2,1747,RU_TOL_RIZ,RU_TOL,Тверська половина / Бежецька п'ятина / Новгородський повіт / Новгородська провінція / Новгородська губернія / Російська імперія,,,1747-02-15
319,318,M_319,,1,,,,,,,,,,
320,321,M_320,,1,1,18,1,1764,RU_BAB_MYK,RU_BAB,Тверська половина / Бежецька п'ятина / Новгородський повіт / Новгородська провінція / Новгородська губернія / Російська імперія,,,1764-01-29
321,320,M_321,,1,,,,,,,,,,
322,323,M_322,,1,1,13,11,1755,RU_POD_MYK,RU_POD,Тверська половина / Бежецька п'ятина / Новгородський повіт / Новгородська провінція / Новгородська губернія / Російська імперія,,,1755-11-24
323,322,M_323,,1,,,,,,,,,,
324,325,M_324,,1,1,28,4,1773,RU_BAB_MYK,RU_BAB,Вишньоволоцький повіт / Новгородська провінція / Новгородська губернія / Російська імперія,,,1773-05-09
325,324,M_325,,1,,,,,,,,,,
326,327,M_326,,1,1,17,1,1776,RU_BAB_MYK,RU_BAB,Вишньоволоцький повіт / Тверське намісництво / Російська імперія,,,1776-01-28
327,326,M_327,,1,,,,,,,,,,
328,329,M_328,,1,,,,,,,,,,
329,328,M_329,,1,,,,,,,,,,
330,331,M_330,,1,,,,,,,,,,
331,330,M_331,,1,,,,,,,,,,
332,333,M_332,,1,1,14,2,1753,RU_BAB_MYK,RU_BAB,Тверська половина / Бежецька п'ятина / Новгородський повіт / Новгородська провінція / Новгородська губернія / Російська імперія,,,1753-02-25
333,332,M_333,,1,,,,,,,,,,
334,335,M_334,,1,1,10,1,1753,RU_YASH_MYK,RU_YASH,Тверська половина / Бежецька п'ятина / Новгородський повіт / Новгородська провінція / Новгородська губернія / Російська імперія,,,1753-01-21
335,334,M_335,,1,,,,,,,,,,
336,337,M_336,,1,1,25,5,1746,RU_OSE_VOS,RU_OSE,Тверська половина / Бежецька п'ятина / Новгородський повіт / Новгородська провінція / Новгородська губернія / Російська імперія,,,1746-06-05
337,336,M_337,,1,,,,,,,,,,
338,339,M_338,,1,1,30,1,1738,RU_OSE_VOS,RU_OSE,Тверська половина / Бежецька п'ятина / Новгородський повіт / Новгородська провінція / Новгородська губернія / Російська імперія,,,1738-02-10
339,338,M_339,,1,,,,,,,,,,
340,341,M_340,,1,1,,1,1751,RU_BAB_MYK,RU_BAB,Тверська половина / Бежецька п'ятина / Новгородський повіт / Новгородська провінція / Новгородська губернія / Російська імперія,,,1751-00-00
341,340,M_341,,1,,,,,,,,,,
342,343,M_342,,1,1,25,1,1741,RU_BAB_MYK,RU_BAB,Тверська половина / Бежецька п'ятина / Новгородський повіт / Новгородська провінція / Новгородська губернія / Російська імперія,,,1741-02-05
343,342,M_343,,1,,,,,,,,,,
344,345,M_344,,1,1,,1,1762,RU_OSE_VOS,RU_OSE,Тверська половина / Бежецька п'ятина / Новгородський повіт / Новгородська провінція / Новгородська губернія / Російська імперія,,,1762-00-00
345,,M_345_1,,1,,,2,1756,,,,,,1756-00-00
345,344,M_345_2,,2,,,,,,,,,,
348,349,M_348,,1,1,4,11,1750,RU_OSE_VOS,RU_OSE,Тверська половина / Бежецька п'ятина / Новгородський повіт / Новгородська провінція / Новгородська губернія / Російська імперія,,,1750-11-15
349,348,M_349,,1,,,,,,,,,,
350,351,M_350,,1,1,19,2,1766,RU_OSE_VOS,RU_OSE,Тверська половина / Бежецька п'ятина / Новгородський повіт / Новгородська провінція / Новгородська губернія / Російська імперія,,,1766-03-02
351,350,M_351,,1,,,,,,,,,,
360,361,M_360,,1,1,10,2,1739,RU_OSE_VOS,RU_OSE,Тверська половина / Бежецька п'ятина / Новгородський повіт / Новгородська провінція / Новгородська губернія / Російська імперія,,,1739-02-21
361,360,M_361,,1,,,,,,,,,,
362,363,M_362,,1,1,2,2,1764,RU_OSE_VOS,RU_OSE,Тверська половина / Бежецька п'ятина / Новгородський повіт / Новгородська провінція / Новгородська губернія / Російська імперія,,,1764-02-13
363,362,M_363,,1,,,,,,,,,,
364,365,M_364,,1,,,,,,,,,,
365,364,M_365,,1,,,,,,,,,,
366,367,M_366,,1,1,6,2,1754,RU_OSE_VOS,RU_OSE,Тверська половина / Бежецька п'ятина / Новгородський повіт / Новгородська провінція / Новгородська губернія / Російська імперія,,,1754-02-17
367,366,M_367,,1,,,,,,,,,,
368,369,M_368,,1,1,18,2,1761,RU_OSE_VOS,RU_OSE,Тверська половина / Бежецька п'ятина / Новгородський повіт / Новгородська провінція / Новгородська губернія / Російська імперія,,,1761-03-01
369,368,M_369,,1,,,,,,,,,,
370,371,M_370,,1,,,,,,,,,,
371,370,M_371,,1,,,,,,,,,,
372,373,M_372,,1,1,23,1,1757,RU_OSE_VOS,RU_OSE,Тверська половина / Бежецька п'ятина / Новгородський повіт / Новгородська провінція / Новгородська губернія / Російська імперія,,,1757-00-00
373,372,M_373,,1,,,,,,,,,,
374,,M_374_1,,1,,,,,,,,,,
374,375,M_374_2,,2,1,5,11,1750,RU_OSE_VOS,RU_OSE,Тверська половина / Бежецька п'ятина / Новгородський повіт / Новгородська провінція / Новгородська губернія / Російська імперія,,,1750-11-16
375,,M_375_1,,1,,,,,,,,,,
375,374,M_375_2,,2,,,,,,,,,,
376,377,M_376,,1,1,,2,1756,RU_OSE_VOS,RU_OSE,Тверська половина / Бежецька п'ятина / Новгородський повіт / Новгородська провінція / Новгородська губернія / Російська імперія,,,1756-00-00
377,376,M_377,,1,,,,,,,,,,
378,379,M_378,,1,1,25,1,1764,RU_OSE_VOS,RU_OSE,Тверська половина / Бежецька п'ятина / Новгородський повіт / Новгородська провінція / Новгородська губернія / Російська імперія,,,1764-02-05
379,378,M_379,,1,,,,,,,,,,
380,381,M_380,,1,1,15,1,1741,RU_OSE_VOS,RU_OSE,Тверська половина / Бежецька п'ятина / Новгородський повіт / Новгородська провінція / Новгородська губернія / Російська імперія,,,1741-01-26
381,380,M_381,,1,,,,,,,,,,
382,383,M_382,,1,,,,,,,,,,
383,382,M_383,,1,,,,,,,,,,
384,385,M_384,,1,,,,,,,,,,
385,384,M_385,,1,,,,,,,,,,
386,387,M_386,,1,,,,,,,,,,
387,386,M_387,,1,,,,,,,,,,
388,389,M_388,,1,,,,,,,,,,
389,388,M_389,,1,,,,,,,,,,
390,391,M_390,,1,,,,,,,,,,
391,390,M_391,,1,,,,,,,,,,
392,393,M_392,,1,,,,,,,,,,
393,392,M_393,,1,,,,,,,,,,
394,395,M_394,,1,,,,,,,,,,
395,394,M_395,,1,,,,,,,,,,
396,397,M_396_1,,1,,,,,,,,,,
396,,M_396_2,,2,,,,,,,,,,
397,396,M_397,,1,,,,,,,,,,
398,399,M_398_1,,1,1,4,2,1747,RU_VOR_RIZ_H,RU_VOR,Мещерська волость / Коломенський повіт / Московська провінція / Московська губернія / Російська імперія,,,1747-01-26
398,,M_398_2,,2,1,9,1,1788,,,,,,1788-01-09
399,398,M_399,,1,,,,,,,,,,
400,401,M_400,,1,,,,,,,,,,
401,400,M_401,,1,,,,,,,,,,
402,403,M_402,,1,,,,,,,,,,
403,402,M_403,,1,,,,,,,,,,
404,405,M_404,,1,,,,,,,,,,
405,404,M_405,,1,,,,,,,,,,
406,407,M_406,,1,1,25,2,1755,RU_LEL_TRI,RU_LEL,Мещерська волость / Коломенський повіт / Московська провінція / Московська губернія / Російська імперія,,,1755-02-25
407,406,M_407,,1,,,,,,,,,,
408,409,M_408,,1,1,20,9,1755,RU_LEL_TRI,RU_LEL,Мещерська волость / Коломенський повіт / Московська провінція / Московська губернія / Російська імперія,,,1755-09-20
409,408,M_409,,1,,,,,,,,,,
410,411,M_410,,1,1,20,9,1752,RU_LEL_TRI,RU_LEL,Мещерська волость / Коломенський повіт / Московська провінція / Московська губернія / Російська імперія,,,1752-10-01
411,410,M_411,,1,,,,,,,,,,
412,413,M_412,,1,,,,,,,,,,
413,412,M_413,,1,,,,,,,,,,
414,415,M_414,,1,,,,,,,,,,
415,414,M_415,,1,,,,,,,,,,
416,,M_416_1,,1,,,,,,,,,,
416,417,M_416_2,,2,,,,,,,,,,
417,416,M_417,,1,,,,,,,,,,
418,419,M_418,,1,1,21,9,1758,RU_LEL_TRI,RU_LEL,Мещерська волость / Коломенський повіт / Московська провінція / Московська губернія / Російська імперія,,,1758-09-21
419,418,M_419,,1,,,,,,,,,,
424,425,M_424,,2,1,26,5,1737,RU_LEL_TRI,RU_LEL,Мещерська волость / Коломенський повіт / Московська провінція / Московська губернія / Російська імперія,,,1737-05-26
425,424,M_425,,1,,,,,,,,,,
426,427,M_426,,1,1,20,9,1752,RU_LEL_TRI,RU_LEL,Мещерська волость / Коломенський повіт / Московська провінція / Московська губернія / Російська імперія,,,1752-10-01
427,426,M_427,,1,,,,,,,,,,
430,431,M_430,,1,,,,,,,,,,
431,430,M_431,,1,,,,,,,,,,
432,433,M_432,,1,1,15,5,1790,RU_LEL_TRI,RU_LEL,Єгор'євський повіт / Рязанське намісництво / Російська імперія,,,1790-05-26
433,432,M_433,,1,,,,,,,,,,
434,435,M_434,,1,1,23,9,1779,RU_LEL_TRI,RU_LEL,Єгор'євський повіт / Рязанське намісництво / Російська імперія,,,1779-09-23
435,434,M_435,,1,,,,,,,,,,
436,437,M_436,,2,1,23,9,1771,RU_LEL_TRI,RU_LEL,Мещерська волость / Коломенський повіт / Московська провінція / Московська губернія / Російська імперія,,,1771-09-23
437,436,M_437,,1,,,,,,,,,,
438,439,M_438,,1,,,,,,,,,,
439,438,M_439,,1,,,,,,,,,,
440,441,M_440,,1,,,,,,,,,,
441,440,M_441,,1,,,,,,,,,,
442,443,M_442,,1,1,21,9,1754,RU_LEL_TRI,RU_LEL,Мещерська волость / Коломенський повіт / Московська провінція / Московська губернія / Російська імперія,,,1754-09-21
443,442,M_443,,1,,,,,,,,,,
444,445,M_444,,1,1,17,9,1791,RU_LEL_TRI,RU_LEL,Єгор'євський повіт / Рязанське намісництво / Російська імперія,,,1791-09-28
445,444,M_445,,1,,,,,,,,,,
446,447,M_446,,1,1,10,7,1790,RU_LEL_TRI,RU_LEL,Єгор'євський повіт / Рязанське намісництво / Російська імперія,,,1790-07-21
447,446,M_447,,1,,,,,,,,,,
454,455,M_454_455,,,,,,,,,,,,
455,454,M_455_454,,,,,,,,,,,,
456,457,M_456_457,,,,,,,,,,,,
457,456,M_457_456,,,,,,,,,,,,
458,,M_458_1,,1,,,,,,,,,,
458,459,M_458_2,,2,,,,,,,,,,
459,458,M_459,,1,,,,,,,,,,
470,471,M_470,,1,,,,,,,,,,
471,470,M_471,,1,,,,,,,,,,
476,477,M_476,,1,,,,,,,,,,
477,476,M_477,,1,,,,,,,,,,
478,479,M_478,,1,,,,,,,,,,
479,478,M_479,,1,,,,,,,,,,
480,,M_480_1,,1,,,,1757,,,,,,1757-00-00
480,481,M_480_2,,2,,,,,,,,,,
481,480,M_481,,1,,,,,,,,,,
482,,M_482_1,,1,,,,,,,,,,
482,483,M_482_2,,2,,29,1,1782,UA_HOROD_DUH,UA_HOROD,Самбірський дистрикт / Самбірський округ / Королівство Галичини та Володимирії / Габсбурзька монархія,,,1782-01-29
483,482,M_483,,1,,,,,,,,,,
484,485,M_484,,1,,,,,,,,,,
485,484,M_485,,1,,,,,,,,,,
486,487,M_486,,1,,,,,,,,,,
487,486,M_487,,1,,,,,,,,,,
488,489,M_488,,1,,,,,,,,,,
489,488,M_489,,1,,,,,,,,,,
490,491,M_490,,1,,,,,,,,,,
491,490,M_491,,1,,,,,,,,,,
492,493,M_492,,1,,,,,,,,,,
493,492,M_493,,1,,,,,,,,,,
494,495,M_494,,1,,31,1,1787,UA_STU_YUR,UA_STU,Самбірський округ / Королівство Галичини та Володимирії / Габсбурзька монархія,,,1787-01-31
495,494,M_495,,1,,,,,,,,,,
496,497,M_496,,1,,,,,,,,,,
497,496,M_497,,1,,,,,,,,,,
500,501,M_500,,1,,,,,,,,,,
501,500,M_501,,1,,,,,,,,,,
502,503,M_502_1,,1,,,,,,,,,,
502,,M_502_2,,2,,24,11,1798,UA_HORD_DYM,UA_HORD,Самбірський округ / Королівство Галичини та Володимирії / Габсбурзька монархія,,,1798-11-24
503,502,M_503,,1,,,,,,,,,,
504,505,M_504,,1,,,,,,,,,,
505,504,M_505,,1,,,,,,,,,,
506,507,M_506,,1,,,,,,,,,,
507,506,M_507,,1,,,,,,,,,,
508,509,M_508,,1,,,,1778,,,,,,1778-00-00
509,508,M_509,,1,,,,,,,,,,
510,511,M_510_1,,1,,24,2,1788,,,,,,
510,f510_m2,M_510_2,,2,,25,4,1799,,,,,,1799-04-25
511,510,M_511,,1,,,,,,,,,,
512,513,M_512,,1,,,,,,,,,,
513,512,M_513,,1,,,,,,,,,,
514,515,M_514,,1,,,,,,,,,,
515,514,M_515,,1,,,,,,,,,,
520,521,M_520,,1,,,,,,,,,,
521,520,M_521,,1,,,,,,,,,,
522,523,M_522,,1,,,,,,,,,,
523,522,M_523,,1,,,,,,,,,,
526,527,M_526,,1,,,,,,,,,,
527,526,M_527,,1,,,,,,,,,,
528,529,M_528,,1,,,,,,,,,,
529,528,M_529,,1,,,,,,,,,,
534,535,M_534,,1,,,,,,,,,,
535,534,M_535,,1,,,,,,,,,,
558,559,M_558,,1,,,,,,,,,,
559,558,M_559,,1,,,,,,,,,,
560,561,M_560,,1,,,,,,,,,,
561,560,M_561,,1,,,,,,,,,,
564,565,M_564,,1,,,,,,,,,,
565,564,M_565,,1,,,,,,,,,,
566,567,M_566,,1,,,,,,,,,,
567,566,M_567,,1,,,,,,,,,,
572,573,M_572,,1,1,31,1,1725,RU_TOL_RIZ,RU_TOL,Тверська половина / Бежецька п'ятина / Новгородський повіт / Новгородська провінція / Санкт-Петербурзька губернія / Російська імперія,,,1725-02-11
573,572,M_573,,1,,,,,,,,,,
574,575,M_574,,1,,,,,,,,,,
575,574,M_575,,1,,,,,,,,,,
576,577,M_576,,1,,,,,,,,,,
577,576,M_577,,1,,,,,,,,,,
580,581,M_580,,1,,,,,,,,,,
581,580,M_581,,1,,,,,,,,,,
582,583,M_582,,1,,,,,,,,,,
583,582,M_583,,1,,,,,,,,,,
584,585,M_584,,1,1,26,7,1733,RU_KOZ_S_VVE,RU_KOZ_S,Тверська половина / Бежецька п'ятина / Новгородський повіт / Новгородська провінція / Новгородська губернія / Російська імперія,,,1733-08-06
585,584,M_585,,1,,,,,,,,,,
586,587,M_586,,1,,,,,,,,,,
587,586,M_587,,1,,,,,,,,,,
588,589,M_588_1,,1,1,25,1,1731,RU_KOZ_S_VVE,RU_KOZ_S,Тверська половина / Бежецька п'ятина / Новгородський повіт / Новгородська провінція / Новгородська губернія / Російська імперія,,,1731-02-05
588,,M_588_2,,2,,,,,,,,,,
589,588,M_589,,1,,,,,,,,,,
590,,M_590_1,,1,1,3,2,1731,,,,,,1731-02-03
590,591,M_590_2,,2,1,14,11,1738,RU_KRE_PET,RU_NAZ,Тверська половина / Бежецька п'ятина / Новгородський повіт / Новгородська провінція / Новгородська губернія / Російська імперія,,,1738-11-25
591,,M_591_1,,1,,,,,,,,,,
591,590,M_591_2,,2,,,,,,,,,,
592,593,M_592,,1,,,,,,,,,,
593,592,M_593,,1,,,,,,,,,,
594,595,M_594,,1,,,,,,,,,,
595,594,M_595,,1,,,,,,,,,,
596,597,M_596,,1,,,,,,,,,,
597,596,M_597,,1,,,,,,,,,,
598,599,M_598,,1,,,,,,,,,,
599,598,M_599,,1,,,,,,,,,,
600,601,M_600,,1,,,,,,,,,,
601,600,M_601,,1,,,,,,,,,,
602,603,M_602,,1,,,,,,,,,,
603,602,M_603,,1,,,,,,,,,,
604,605,M_604,,1,,,,,,,,,,
605,604,M_605,,1,,,,,,,,,,
606,607,M_606,,1,,,,,,,,,,
607,606,M_607,,1,,,,,,,,,,
610,611,M_610,,1,,,,,,,,,,
611,610,M_611,,1,,,,,,,,,,
616,617,M_616,,1,,,,,,,,,,
617,616,M_617_1,,1,,,,,,,,,,
617,,M_617_2,,2,,,,,,,,,,
622,623,M_622,,1,,,,,,,,,,
623,622,M_623,,1,,,,,,,,,,
624,625,M_624,,1,,,,,,,,,,
625,624,M_625,,1,,,,,,,,,,
628,629,M_628,,1,,,,,,,,,,
629,628,M_629,,1,,,,,,,,,,
636,637,M_636,,1,,,,,,,,,,
637,636,M_637,,1,,,,,,,,,,
638,639,M_638,,1,,,,,,,,,,
639,638,M_639,,1,,,,,,,,,,
640,641,M_640,,1,,,,,,,,,,
641,640,M_641,,1,,,,,,,,,,
642,643,M_642,,1,1,23,1,1743,RU_BAB_MYK,RU_BAB,Тверська половина / Бежецька п'ятина / Новгородський повіт / Новгородська провінція / Новгородська губернія / Російська імперія,,,1743-02-03
643,642,M_643,,1,,,,,,,,,,
644,645,M_644,,1,,,,,,,,,,
645,644,M_645,,1,,,,,,,,,,
646,647,M_646,,1,,,,,,,,,,
647,646,M_647,,1,,,,,,,,,,
648,649,M_648,,1,,,,,,,,,,
649,648,M_649,,1,,,,,,,,,,
650,,M_650_1,,1,,28,2,1745,,,,,,1745-02-28
650,651,M_650_2,,2,1,14,11,1745,RU_BAB_MYK,RU_BAB,Тверська половина / Бежецька п'ятина / Новгородський повіт / Новгородська провінція / Новгородська губернія / Російська імперія,,,1745-11-14
651,650,M_651_1,,1,,,,,,,,,,
651,,M_651_2,,2,,,,,,,,,,
652,653,M_652,,1,,,,,,,,,,
653,652,M_653,,1,,,,,,,,,,
654,,M_654_1,,1,,,,1731,,,,,,1731-00-00
654,655,M_654_2,,2,1,7,1,1746,RU_BAB_MYK,RU_BAB,Тверська половина / Бежецька п'ятина / Новгородський повіт / Новгородська провінція / Новгородська губернія / Російська імперія,,,1746-01-18
655,654,M_655,,1,,,,,,,,,,
656,,M_656,,1,,,,,,,,,,
658,659,M_658,,1,,,,,,,,,,
659,658,M_659,,1,,,,,,,,,,
660,661,M_660,,1,,,,,,,,,,
661,660,M_661,,1,,,,,,,,,,
662,663,M_662,,1,,,,,,,,,,
663,662,M_663,,1,,,,,,,,,,
664,665,M_664,,1,,,,,,,,,,
665,664,M_665,,1,,,,,,,,,,
666,667,M_666,,1,,,,,,,,,,
667,666,M_667,,1,,,,,,,,,,
668,669,M_668,,1,,,,,,,,,,
669,668,M_669,,1,,,,,,,,,,
670,671,M_670_1,,1,,,,,,,,,,
670,,M_670_2,,2,1,28,1,1740,,,,,,1740-01-28
671,670,M_671,,1,,,,,,,,,,
674,675,M_674,,1,,,,,,,,,,
675,674,M_675,,1,,,,,,,,,,
676,677,M_676,,1,,,,,,,,,,
677,676,M_677,,1,,,,,,,,,,
678,679,M_678,,1,,,,,,,,,,
679,678,M_679,,1,,,,,,,,,,
680,681,M_680,,1,,,,,,,,,,
681,680,M_681,,1,,,,,,,,,,
682,683,M_682,,1,,,,,,,,,,
683,682,M_683,,1,,,,,,,,,,
684,,M_684,,1,,,,,,,,,,
686,687,M_686,,1,,,,,,,,,,
687,686,M_687,,1,,,,,,,,,,
688,689,M_688,,1,,,,,,,,,,
689,688,M_689,,1,,,,,,,,,,
690,691,M_690,,1,,,,,,,,,,
691,690,M_691,,1,,,,,,,,,,
698,699,M_698,,1,,,,,,,,,,
699,698,M_699,,1,,,,,,,,,,
700,701,M_700,,1,1,16,2,1738,RU_OSE_TRI,RU_OSE,Тверська половина / Бежецька п'ятина / Новгородський повіт / Новгородська провінція / Новгородська губернія / Російська імперія,,,1738-02-27
701,700,M_701,,1,,,,,,,,,,
702,703,M_702,,1,1,6,2,1743,RU_OVS_MYK,RU_OVS,Тверська половина / Бежецька п'ятина / Новгородський повіт / Новгородська провінція / Новгородська губернія / Російська імперія,,,1743-02-17
703,,M_703_1,,1,,,,,,,,,,
703,702,M_703_2,,2,,,,,,,,,,
720,721,M_720,,1,,,,,,,,,,
721,720,M_721,,1,,,,,,,,,,
722,723,M_722,,1,,,,,,,,,,
723,722,M_723,,1,,,,,,,,,,
724,725,M_724,,1,1,18,2,1731,RU_OSE_VOS,RU_OSE,Тверська половина / Бежецька п'ятина / Новгородський повіт / Новгородська провінція / Новгородська губернія / Російська імперія,,,1731-03-01
725,724,M_725,,1,,,,,,,,,,
726,727,M_726,,1,1,10,2,1737,RU_OSE_VOS,RU_OSE,Тверська половина / Бежецька п'ятина / Новгородський повіт / Новгородська провінція / Новгородська губернія / Російська імперія,,,1737-03-03
727,726,M_727,,1,,,,,,,,,,
732,733,M_732,,1,,,,,,,,,,
733,732,M_733,,1,,,,,,,,,,
734,735,M_734,,1,,,2,1725,RU_OSE_VOS,RU_OSE,Тверська половина / Бежецька п'ятина / Новгородський повіт / Новгородська провінція / Санкт-Петербурзька губернія / Російська імперія,,,1725-00-00
735,734,M_735,,1,,,,,,,,,,
738,739,M_738,,1,1,11,2,1729,RU_OSE_VOS,RU_OSE,Тверська половина / Бежецька п'ятина / Новгородський повіт / Новгородська провінція / Новгородська губернія / Російська імперія,,,1729-02-22
739,738,M_739,,1,,,,,,,,,,
740,741,M_740,,1,1,3,2,1744,RU_OSE_VOS,RU_OSE,Тверська половина / Бежецька п'ятина / Новгородський повіт / Новгородська провінція / Новгородська губернія / Російська імперія,,,1744-02-14
741,740,M_741,,1,,,,,,,,,,
742,743,M_742,,1,,,,,,,,,,
743,742,M_743,,1,,,,,,,,,,
744,745,M_744,,1,,,,,,,,,,
745,744,M_745,,1,,,,,,,,,,
746,747,M_746,,1,1,18,1,1725,RU_KOZ_S_VVE,RU_KOZ_S,Тверська половина / Бежецька п'ятина / Новгородський повіт / Новгородська провінція / Санкт-Петербурзька губернія / Російська імперія,,,1725-01-29
747,746,M_747,,1,,,,,,,,,,
748,749,M_748,,1,,,,,,,,,,
749,748,M_749,,1,,,,,,,,,,
750,751,M_750,,1,,,,,,,,,,
751,750,M_751,,1,,,,,,,,,,
752,753,M_752,,1,1,14,1,1740,RU_OSE_VOS,RU_OSE,Тверська половина / Бежецька п'ятина / Новгородський повіт / Новгородська провінція / Новгородська губернія / Російська імперія,,,1740-01-25
753,752,M_753,,1,,,,,,,,,,
754,755,M_754,,1,,,,,,,,,,
755,754,M_755,,1,,,,,,,,,,
756,757,M_756,,1,,,,,,,,,,
757,756,M_757_1,,1,,,,,,,,,,
757,,M_757_2,,2,1,2,2,1752,,,,,,1752-02-02
758,759,M_758,,1,1,3,2,1745,RU_OSE_VOS,RU_OSE,Тверська половина / Бежецька п'ятина / Новгородський повіт / Новгородська провінція / Новгородська губернія / Російська імперія,,,1745-02-14
759,758,M_759,,1,,,,,,,,,,
760,761,M_760,,1,,,,,,,,,,
761,760,M_761,,1,,,,,,,,,,
762,763,M_762,,1,,,,,,,,,,
763,762,M_763,,1,,,,,,,,,,
772,,M_772_1,,1,,,,,,,,,,
772,,M_772_2,,2,,,,,,,,,,
774,775,M_774,,1,,,,,,,,,,
775,774,M_775,,1,,,,,,,,,,
776,777,M_776,,1,,,,,,,,,,
777,776,M_777,,1,,,,,,,,,,
778,779,M_778,,1,,,,,,,,,,
779,778,M_779,,1,,,,,,,,,,
780,781,M_780,,1,,,,,,,,,,
781,780,M_781,,1,,,,,,,,,,
782,783,M_782,,1,,,,,,,,,,
783,782,M_783,,1,,,,,,,,,,
784,785,M_784,,1,,,,,,,,,,
785,784,M_785,,1,,,,,,,,,,
792,793,M_792,,1,,,,,,,,,,
793,792,M_793,,1,,,,,,,,,,
796,797,M_796,,1,,,,,,,,,,
797,796,M_797,,1,,,,,,,,,,
798,,M_798_1,,1,,,,,,,,,,
798,799,M_798_2,,2,,,,,,,,,,
799,798,M_799,,1,,,,,,,,,,
800,801,M_800,,1,,,,,,,,,,
801,800,M_801,,1,,,,,,,,,,
808,809,M_808,,1,,,,,,,,,,
809,808,M_809,,1,,,,,,,,,,
812,,M_812_1,,1,,,,,,,,,,
812,813,M_812_2,,2,,,,,,,,,,
813,812,M_813,,1,,,,,,,,,,
814,815,M_814,,1,,,,,,,,,,
815,814,M_815,,1,,,,,,,,,,
816,817,M_816,,1,,,,,,,,,,
817,816,M_817,,1,,,,,,,,,,
820,821,M_820,,1,,,,,,,,,,
821,820,M_821,,1,,,,,,,,,,
822,823,M_822,,1,,,,,,,,,,
823,822,M_823,,1,,,,,,,,,,
824,825,M_824_825,,,,,,,,,,,,
825,824,M_825_824,,,,,,,,,,,,
826,827,M_826,,1,,,,,,,,,,
827,826,M_827,,1,,,,,,,,,,
830,831,M_830,,1,,,,,,,,,,
831,830,M_831,,1,,,,,,,,,,
832,833,M_832,,1,,,,,,,,,,
833,832,M_833,,1,,,,,,,,,,
834,835,M_834,,1,,,,,,,,,,
835,834,M_835,,1,,,,,,,,,,
836,,M_836_1,,1,,,,,,,,,,
836,837,M_836_2,,2,,,,,,,,,,
837,836,M_837,,1,,,,,,,,,,
838,839,M_838,,1,,,,,,,,,,
839,838,M_839,,1,,,,,,,,,,
848,849,M_848,,1,,,,,,,,,,
849,848,M_849,,1,,,,,,,,,,
850,851,M_850,,1,,,,,,,,,,
851,850,M_851,,1,,,,,,,,,,
852,853,M_852,,1,,,,,,,,,,
853,852,M_853,,1,,,,,,,,,,
854,855,M_854,,1,,,,,,,,,,
855,854,M_855,,1,,,,,,,,,,
860,861,M_860,,1,,,,,,,,,,
861,860,M_861,,1,,,,,,,,,,
862,863,M_862,,1,,,,,,,,,,
863,862,M_863,,1,,,,,,,,,,
864,865,M_864,,1,1,25,5,1758,RU_LEL_TRI,RU_LEL,Мещерська волость / Коломенський повіт / Московська провінція / Московська губернія / Російська імперія,,,1758-05-25
865,864,M_865,,1,,,,,,,,,,
866,867,M_866,,1,1,26,5,1770,RU_LEL_TRI,RU_LEL,Мещерська волость / Коломенський повіт / Московська провінція / Московська губернія / Російська імперія,,,1770-05-26
867,866,M_867,,1,,,,,,,,,,
868,869,M_868,,1,,,,,,,,,,
869,868,M_869,,1,,,,,,,,,,
870,871,M_870,,1,1,29,10,1750,RU_LEL_TRI,RU_LEL,Мещерська волость / Коломенський повіт / Московська провінція / Московська губернія / Російська імперія,,,1750-10-29
871,870,M_871,,1,,,,,,,,,,
872,873,M_872,,1,,,,,,,,,,
873,872,M_873,,1,,,,,,,,,,
874,875,M_874,,1,,,,,,,,,,
875,874,M_875,,1,,,,,,,,,,
876,877,M_876,,1,,,,,,,,,,
877,876,M_877,,1,,,,,,,,,,
878,879,M_878,,1,,,,,,,,,,
879,878,M_879,,1,,,,,,,,,,
880,881,M_880,,1,,,,,,,,,,
881,880,M_881,,1,,,,,,,,,,
882,883,M_882,,1,1,20,5,1743,RU_LEL_TRI,RU_LEL,Мещерська волость / Коломенський повіт / Московська провінція / Московська губернія / Російська імперія,,,1743-05-20
883,882,M_883,,1,,,,,,,,,,
884,885,M_884,,1,,,,,,,,,,
885,884,M_885,,1,,,,,,,,,,
886,887,M_886,,1,,,,,,,,,,
887,886,M_887,,1,,,,,,,,,,
888,889,M_888,,1,,,,,,,,,,
889,888,M_889,,1,,,,,,,,,,
890,891,M_890,,1,,,,,,,,,,
891,890,M_891,,1,,,,,,,,,,
892,893,M_892,,1,1,4,6,1772,RU_LEL_TRI,RU_LEL,Мещерська волость / Коломенський повіт / Московська провінція / Московська губернія / Російська імперія,,,1772-06-15
893,892,M_893,,1,,,,,,,,,,
894,895,M_894,,1,,,,,,,,,,
895,894,M_895,,1,,,,,,,,,,
912,913,M_912,,1,,,,,,,,,,
913,912,M_913,,1,,,,,,,,,,
916,917,M_916_1,,1,,,,,,,,,,
916,,M_916_2,,2,,,,,,,,,,
917,,M_917_1,,1,,,,,,,,,,
917,916,M_917_2,,2,,,,,,,,,,
918,919,M_918,,1,,,,,,,,,,
919,918,M_919,,1,,,,,,,,,,
940,941,M_940,,1,,,,,,,,,,
941,940,M_941,,1,,,,,,,,,,
944,945,M_944,,1,,,,,,,,,,
945,944,M_945,,1,,,,,,,,,,
952,953,M_952,,1,,,,,,,,,,
953,,M_953_1,,1,,,,,,,,,,
953,952,M_953_2,,2,,,,,,,,,,
954,955,M_954,,1,,,,,,,,,,
955,954,M_955,,1,,,,,,,,,,
956,957,M_956,,1,,,,,,,,,,
957,956,M_957,,1,,,,,,,,,,
958,959,M_958,,1,,,,,,,,,,
959,958,M_959,,1,,,,,,,,,,
960,961,M_960,,1,,,,,,,,,,
961,960,M_961,,1,,,,,,,,,,
962,,M_962_1,,1,,,,,,,,,,
962,,M_962_2,,2,,,,,,,,,,
964,965,M_964,,1,,,,,,,,,,
965,964,M_965,,1,,,,,,,,,,
966,967,M_966,,1,,,,,,,,,,
967,966,M_967,,1,,,,,,,,,,
968,969,M_968,,1,,,,,,,,,,
969,968,M_969,,1,,,,,,,,,,
970,971,M_970,,1,,,,,,,,,,
971,970,M_971,,1,,,,,,,,,,
972,973,M_972,,1,,,,,,,,,,
973,972,M_973,,1,,,,,,,,,,
974,975,M_974,,1,,,,,,,,,,
975,974,M_975,,1,,,,,,,,,,
976,977,M_976,,1,,,,,,,,,,
977,976,M_977_1,,1,,,,,,,,,,
977,,M_977_2,,2,,,,,,,,,,
978,979,M_978,,1,,,,,,,,,,
979,978,M_979,,1,,,,,,,,,,
986,987,M_986,,1,,,,,,,,,,
987,986,M_987,,1,,,,,,,,,,
988,989,M_988,,1,,,,,,,,,,
989,988,M_989,,1,,,,,,,,,,
992,993,M_992,,1,,,,,,,,,,
993,992,M_993,,1,,,,,,,,,,
994,995,M_994,,1,,,,,,,,,,
995,994,M_995,,1,,,,,,,,,,
1004,1005,M_1004,,1,,,,,,,,,,
1005,1004,M_1005,,1,,,,,,,,,,
1008,1009,M_1008,,1,,,,1711,,,,,,1711-00-00
1009,1008,M_1009,,1,,,,,,,,,,
1012,1013,M_1012,,1,,,,,,,,,,
1013,1012,M_1013,,1,,,,,,,,,,
1014,1015,M_1014_1015,,,,,,,,,,,,
1015,1014,M_1015_1014,,,,,,,,,,,,
1018,1019,M_1018,,1,,,,,,,,,,
1019,1018,M_1019,,1,,,,,,,,,,
1020,1021,M_1020,,1,,,,,,,,,,
1021,1020,M_1021,,1,,,,,,,,,,
1022,1023,M_1022_1023,,,,,,,,,,,,
1023,1022,M_1023_1022,,,,,,,,,,,,
1168,1169,M_1168_1169,,,,,,,,,,,,
1169,1168,M_1169_1168,,,,,,,,,,,,
1170,,M_1170,,2,1,17,7,1734,,,,,,1734-07-17
1176,1177,M_1176,,1,,,,,,,,,,
1177,1176,M_1177,,1,,,,,,,,,,
1178,1179,M_1178,,1,,,,,,,,,,
1179,1178,M_1179,,1,,,,,,,,,,
1180,1181,M_1180,,1,,,,,,,,,,
1181,1180,M_1181,,1,,,,,,,,,,
1212,1213,M_1212,,1,,,,,,,,,,
1213,1212,M_1213,,1,,,,,,,,,,
1280,1281,M_1280,,1,,,,,,,,,,
1281,1280,M_1281,,1,,,,,,,,,,
1282,1283,M_1282,,1,,,,,,,,,,
1283,1282,M_1283,,1,,,,,,,,,,
1284,1285,M_1284,,1,,,,,,,,,,
1285,1284,M_1285,,1,,,,,,,,,,
1286,1287,M_1286,,1,,,,,,,,,,
1287,1286,M_1287,,1,,,,,,,,,,
1296,1297,M_1296,,1,,,,,,,,,,
1297,1296,M_1297,,1,,,,,,,,,,
1298,1299,M_1298,,1,,,,,,,,,,
1299,1298,M_1299,,1,,,,,,,,,,
1302,1303,M_1302,,1,,,,,,,,,,
1303,1302,M_1303,,1,,,,,,,,,,
1304,1305,M_1304,,1,,,,,,,,,,
1305,1304,M_1305,,1,,,,,,,,,,
1306,1307,M_1306,,1,,,,,,,,,,
1307,1306,M_1307,,1,,,,,,,,,,
1310,1311,M_1310,,1,,,,,,,,,,
1311,1310,M_1311,,1,,,,,,,,,,
1324,1325,M_1324,,1,,,,,,,,,,
1325,1324,M_1325,,1,,,,,,,,,,
1326,1327,M_1326,,1,,,,,,,,,,
1327,1326,M_1327,,1,,,,,,,,,,
1328,1329,M_1328,,1,,,,,,,,,,
1329,1328,M_1329,,1,,,,,,,,,,
1330,1331,M_1330,,1,,,,,,,,,,
1331,1330,M_1331,,1,,,,,,,,,,
1332,1333,M_1332,,1,,,,,,,,,,
1333,1332,M_1333,,1,,,,,,,,,,
1336,1337,M_1336,,1,,,,,,,,,,
1337,1336,M_1337,,1,,,,,,,,,,
1348,1349,M_1348,,1,,,,,,,,,,
1349,1348,M_1349,,1,,,,,,,,,,
1372,1373,M_1372,,1,,,,,,,,,,
1373,1372,M_1373,,1,,,,,,,,,,
1380,1381,M_1380,,1,,,,,,,,,,
1381,1380,M_1381,,1,,,,,,,,,,
1396,1397,M_1396,,1,,,,,,,,,,
1397,1396,M_1397,,1,,,,,,,,,,
1400,1401,M_1400,,1,,,,,,,,,,
1401,1400,M_1401,,1,,,,,,,,,,
1402,1403,M_1402,,1,,,,,,,,,,
1403,1402,M_1403,,1,,,,,,,,,,
1406,1407,M_1406,,1,,,,,,,,,,
1407,1406,M_1407,,1,,,,,,,,,,
1448,1449,M_1448,,1,,,,,,,,,,
1449,1448,M_1449,,1,,,,,,,,,,
1452,1453,M_1452,,1,,,,,,,,,,
1453,1452,M_1453,,1,,,,,,,,,,
1464,1465,M_1464,,1,,,,,,,,,,
1465,1464,M_1465,,1,,,,,,,,,,
1476,1477,M_1476,,1,,,,,,,,,,
1477,1476,M_1477,,1,,,,,,,,,,
1480,1481,M_1480,,1,,,,,,,,,,
1481,1480,M_1481,,1,,,,,,,,,,
1482,1483,M_1482,,1,,,,,,,,,,
1483,1482,M_1483,,1,,,,,,,,,,
1484,1485,M_1484,,1,,,,,,,,,,
1485,1484,M_1485,,1,,,,,,,,,,
1488,1489,M_1488,,1,,,,,,,,,,
1489,1488,M_1489,,1,,,,,,,,,,
1490,1491,M_1490,,1,,,,,,,,,,
1491,1490,M_1491,,1,,,,,,,,,,
1494,1495,M_1494,,1,,,,,,,,,,
1495,1494,M_1495,,1,,,,,,,,,,
1504,1505,M_1504,,1,,,,,,,,,,
1505,1504,M_1505,,1,,,,,,,,,,
1506,,M_1506,,2,,,,,,,,,,
1514,1515,M_1514,,1,,,,,,,,,,
1515,1514,M_1515,,1,,,,,,,,,,
1516,1517,M_1516,,1,,,,,,,,,,
1517,1516,M_1517,,1,,,,,,,,,,
1518,1519,M_1518,,1,,,,,,,,,,
1519,1518,M_1519,,1,,,,,,,,,,
1520,1521,M_1520,,1,,,,,,,,,,
1521,1520,M_1521,,1,,,,,,,,,,
1564,1565,M_1564,,1,,,,,,,,,,
1565,1564,M_1565,,1,,,,,,,,,,
1584,1585,M_1584,,1,,,,,,,,,,
1585,1584,M_1585,,1,,,,,,,,,,
1592,1593,M_1592,,1,,,,,,,,,,
1593,1592,M_1593,,1,,,,,,,,,,
1596,1597,M_1596,,1,,,,,,,,,,
1597,1596,M_1597,,1,,,,,,,,,,
1616,1617,M_1616,,1,,,,,,,,,,
1617,1616,M_1617,,1,,,,,,,,,,
1628,1629,M_1628,,1,,,,,,,,,,
1629,1628,M_1629,,1,,,,,,,,,,
1632,1633,M_1632_1,,1,,,,,,,,,,
1632,,M_1632_2,,2,,,,,,,,,,
1633,1632,M_1633,,1,,,,,,,,,,
1640,1641,M_1640,,1,,,,,,,,,,
1641,1640,M_1641,,1,,,,,,,,,,
1660,,M_1660_1,,1,,,,,,,,,,
1660,,M_1660_2,,2,,,,,,,,,,
1668,1669,M_1668,,1,,,,,,,,,,
1669,1668,M_1669,,1,,,,,,,,,,
1676,1677,M_1676,,1,,,,,,,,,,
1677,1676,M_1677,,1,,,,,,,,,,
1702,1702,M_1702,,1,,,,,,,,,,
1703,1702,M_1703,,1,,,,,,,,,,
1704,1705,M_1704,,1,,,,,,,,,,
1705,1704,M_1705,,1,,,,,,,,,,
1708,1709,M_1708,,1,,,,,,,,,,
1709,1708,M_1709,,1,,,,,,,,,,
1710,1711,M_1710,,1,,,,,,,,,,
1711,1710,M_1711,,1,,,,,,,,,,
1728,1729,M_1728,,1,,,,,,,,,,
1729,1728,M_1729,,1,,,,,,,,,,
1732,1733,M_1732,,1,1,31,1,1748,RU_LEL_TRI,RU_LEL,Мещерська волость / Коломенський повіт / Московська провінція / Московська губернія / Російська імперія,,,1748-01-31
1733,1732,M_1733,,1,,,,,,,,,,
1734,1735,M_1734,,2,1,20,9,1752,RU_LEL_TRI,RU_LEL,Мещерська волость / Коломенський повіт / Московська провінція / Московська губернія / Російська імперія,,,1752-10-01
1735,1734,M_1735,,1,,,,,,,,,,
1736,1737,M_1736,,1,,,,,,,,,,
1737,1736,M_1737,,1,,,,,,,,,,
1738,1739,M_1738,,1,,,,,,,,,,
1739,1738,M_1739,,1,,,,,,,,,,
1742,1743,M_1742,,1,,,,,,,,,,
1743,1742,M_1743,,1,,,,,,,,,,
1744,1745,M_1744,,1,,,,,,,,,,
1745,1744,M_1745,,1,,,,,,,,,,
1750,1751,M_1750,,1,,,,,,,,,,
1751,1750,M_1751,,1,,,,,,,,,,
1754,1755,M_1754,,1,,,,,,,,,,
1755,1754,M_1755,,1,,,,,,,,,,
1764,1765,M_1764,,1,,,,,,,,,,
1765,1764,M_1765,,1,,,,,,,,,,
1766,1767,M_1766,,1,,,,,,,,,,
1767,1766,M_1767,,1,,,,,,,,,,
1768,1769,M_1768,,1,,,,,,,,,,
1769,1768,M_1769,,1,,,,,,,,,,
1772,1773,M_1772,,1,,,,,,,,,,
1773,1772,M_1773,,1,,,,,,,,,,
1776,1777,M_1776,,1,,,,,,,,,,
1777,1776,M_1777,,1,,,,,,,,,,
1778,1779,M_1778,,1,,,,,,,,,,
1779,1778,M_1779,,1,,,,,,,,,,
1780,1781,M_1780,,1,,,,,,,,,,
1781,1780,M_1781,,1,,,,,,,,,,
1782,1783,M_1782,,1,,,,,,,,,,
1783,1782,M_1783,,1,,,,,,,,,,
1784,1785,M_1784,,1,1,15,2,1745,RU_LEL_TRI,RU_LEL,Мещерська волость / Коломенський повіт / Московська провінція / Московська губернія / Російська імперія,,,1745-02-15
1785,1784,M_1785,,1,,,,,,,,,,
1786,1787,M_1786,,1,,,,,,,,,,
1787,1786,M_1787,,1,,,,,,,,,,
1790,1791,M_1790,,1,,,,,,,,,,
1791,1790,M_1791,,1,,,,,,,,,,
1824,1825,M_1824,,1,,,,,,,,,,
1825,1824,M_1825,,1,,,,,,,,,,
1832,1833,M_1832,,1,,,,,,,,,,
1833,,M_1833_1,,1,,,,,,,,,,
1833,1832,M_1833_2,,2,,,,,,,,,,
1836,1837,M_1836,,1,,,,,,,,,,
1837,1836,M_1837,,1,,,,,,,,,,
1838,1839,M_1838,,1,,,,,,,,,,
1839,1838,M_1839,,1,,,,,,,,,,
1880,1881,M_1880,,1,,,,,,,,,,
1881,1880,M_1881,,1,,,,,,,,,,
1888,1889,M_1888,,1,,,,,,,,,,
1889,1888,M_1889,,1,,,,,,,,,,
1890,1891,M_1890,,1,,,,,,,,,,
1891,1890,M_1891,,1,,,,,,,,,,
1904,1905,M_1904,,1,,,,,,,,,,
1905,1904,M_1905,,1,,,,,,,,,,
1906,1907,M_1906,,1,,,,,,,,,,
1907,1906,M_1907,,1,,,,,,,,,,
1908,,M_1908_1,,1,,,,,,,,,,
1908,,M_1908_2,,2,,,,,,,,,,
1910,1911,M_1910,,1,,,,,,,,,,
1911,1910,M_1911,,1,,,,,,,,,,
1912,1913,M_1912,,1,,,,,,,,,,
1913,1912,M_1913,,1,,,,,,,,,,
1914,1915,M_1914,,1,,,,,,,,,,
1915,1914,M_1915,,1,,,,,,,,,,
1916,1917,M_1916,,1,,,,,,,,,,
1917,1916,M_1917,,1,,,,,,,,,,
1920,1921,M_1920,,1,,,,,,,,,,
1921,1920,M_1921,,1,,,,,,,,,,
1922,1923,M_1922,,1,,,,,,,,,,
1923,1922,M_1923,,1,,,,,,,,,,
1924,1925,M_1924,,1,,,,,,,,,,
1925,1924,M_1925,,1,,,,,,,,,,
1928,1929,M_1928_1,,1,,,,,,,,,,
1928,,M_1928_2,,2,,,,,,,,,,
1929,1928,M_1929,,1,,,,,,,,,,
1930,1931,M_1930,,1,,,,,,,,,,
1931,1930,M_1931,,1,,,,,,,,,,
1932,1933,M_1932,,1,,,,,,,,,,
1933,1932,M_1933,,1,,,,,,,,,,
1934,1935,M_1934,,1,,,,,,,,,,
1935,1934,M_1935,,1,,,,,,,,,,
1936,1937,M_1936,,1,,,,,,,,,,
1937,1936,M_1937,,1,,,,,,,,,,
1938,1939,M_1938,,1,,,,,,,,,,
1939,1938,M_1939,,1,,,,,,,,,,
1944,1945,M_1944,,1,,,,,,,,,,
1945,1944,M_1945,,1,,,,,,,,,,
1948,1949,M_1948,,1,,,,,,,,,,
1949,1948,M_1949,,1,,,,,,,,,,
1952,,M_1952,,1,,,,,,,,,,
1954,1955,M_1954,,1,,,,1698,,,,,,1698-00-00
1955,1954,M_1955,,1,,,,,,,,,,
1956,1957,M_1956,,1,,,,,,,,,,
1957,1956,M_1957,,1,,,,,,,,,,
1972,1973,M_1972,,1,,,,,,,,,,
1973,1972,M_1973,,1,,,,,,,,,,
1974,1975,M_1974,,1,,,,,,,,,,
1975,1974,M_1975,,1,,,,,,,,,,
1976,1977,M_1976,,1,,,,,,,,,,
1984,1985,M_1984,,1,,,,,,,,,,
1985,1984,M_1985,,1,,,,,,,,,,
2000,2001,M_2000,,1,,,,,,,,,,
2001,2000,M_2001,,1,,,,,,,,,,
2008,2009,M_2008,,1,,,,,,,,,,
2009,2008,M_2009,,1,,,,,,,,,,
2010,2011,M_2010,,1,,,,,,,,,,
2011,2010,M_2011,,1,,,,,,,,,,
2016,2017,M_2016,,1,,,,1684,,,,,,1684-00-00
2017,2016,M_2017,,1,,,,,,,,,,
2018,,M_2018_1,,1,,,,1666,,,,,,1666-00-00
2018,,M_2018_2,,2,,,,1680,,,,,,1680-00-00
2018,2019,M_2018_3,,3,,,,,,,,,,
2019,2018,M_2019,,1,,,,,,,,,,
2024,2025,M_2024,,1,,,,,,,,,,
2025,2024,M_2025,,1,,,,,,,,,,
2026,2027,M_2026,,1,,,,,,,,,,
2027,2026,M_2027,,1,,,,,,,,,,
2028,2029,M_2028_2029,,,,,,,,,,,,
2029,2028,M_2029_2028,,,,,,,,,,,,
2036,2037,M_2036,,1,,,,,,,,,,
2036,4073,M_2036_4073,,,,,,,,,,,,
2037,2036,M_2037,,1,,,,,,,,,,
2037,4072,M_2037_4072,,,,,,,,,,,,
2040,2041,M_2040,,1,,,,,,,,,,
2041,2040,M_2041,,1,,,,,,,,,,
2044,2045,M_2044_2045,,,,,,,,,,,,
2045,2044,M_2045_2044,,,,,,,,,,,,
2336,2337,M_2336,,1,,,,,,,,,,
2337,2336,M_2337,,1,,,,,,,,,,
2652,2653,M_2652,,1,,,,,,,,,,
2653,2652,M_2653,,1,,,,,,,,,,
2812,2813,M_2812,,1,,,,,,,,,,
2813,2812,M_2813,,1,,,,,,,,,,
3012,3013,M_3012,,1,,,,,,,,,,
3013,3012,M_3013,,1,,,,,,,,,,
3184,3185,M_3184,,1,,,,,,,,,,
3185,3184,M_3185,,1,,,,,,,,,,
3192,3193,M_3192,,1,,,,,,,,,,
3193,3192,M_3193,,1,,,,,,,,,,
3354,3355,M_3354,,1,,,,,,,,,,
3355,3354,M_3355,,1,,,,,,,,,,
3420,3421,M_3420,,1,,,,,,,,,,
3421,3420,M_3421,,1,,,,,,,,,,
3466,3467,M_3466,,1,,,,,,,,,,
3467,3466,M_3467,,1,,,,,,,,,,
3468,3469,M_3468,,1,,,,,,,,,,
3469,3468,M_3469,,1,,,,,,,,,,
3472,3473,M_3472,,1,,,,,,,,,,
3473,3472,M_3473,,1,,,,,,,,,,
3476,3477,M_3476,,1,,,,,,,,,,
3477,3476,M_3477,,1,,,,,,,,,,
3484,3485,M_3484,,1,,,,,,,,,,
3485,3484,M_3485,,1,,,,,,,,,,
3528,3529,M_3528,,1,,,,,,,,,,
3529,3528,M_3529,,1,,,,,,,,,,
3536,3537,M_3536,,1,,,,,,,,,,
3537,3536,M_3537,,1,,,,,,,,,,
3560,3561,M_3560,,1,,,,,,,,,,
3561,3560,M_3561,,1,,,,,,,,,,
3564,3565,M_3564,,1,,,,,,,,,,
3565,3564,M_3565,,1,,,,,,,,,,
3570,,M_3570_1,,1,,,,,,,,,,
3570,,M_3570_2,,2,,,,,,,,,,
3580,3581,M_3580,,1,,,,,,,,,,
3581,3580,M_3581,,1,,,,,,,,,,
3664,3665,M_3664_3665,,,,,,,,,,,,
3665,3664,M_3665_3664,,,,,,,,,,,,
3666,3667,M_3666,,1,,,,,,,,,,
3667,3666,M_3667,,1,,,,,,,,,,
3672,3673,M_3672_3673,,,,,,,,,,,,
3673,3672,M_3673_3672,,,,,,,,,,,,
3674,3675,M_3674_3675,,,,,,,,,,,,
3675,3674,M_3675_3674,,,,,,,,,,,,
3678,3679,M_3678_3679,,,,,,,,,,,,
3679,3678,M_3679_3678,,,,,,,,,,,,
3776,3777,M_3776,,1,,,,,,,,,,
3777,3776,M_3777,,1,,,,,,,,,,
3778,3779,M_3778,,1,,,,,,,,,,
3779,3778,M_3779,,1,,,,,,,,,,
3780,3781,M_3780,,1,,,,,,,,,,
3781,3780,M_3781,,1,,,,,,,,,,
3808,3809,M_3808,,1,,,,,,,,,,
3809,3808,M_3809,,1,,,,,,,,,,
3810,3811,M_3810,,1,,,,,,,,,,
3811,3810,M_3811,,1,,,,,,,,,,
3812,3813,M_3812,,1,,,,,,,,,,
3813,3812,M_3813,,1,,,,,,,,,,
3814,3815,M_3814,,1,,,,,,,,,,
3815,3814,M_3815,,1,,,,,,,,,,
3816,3817,M_3816,,1,,,,,,,,,,
3817,3816,M_3817,,1,,,,,,,,,,
3824,3825,M_3824,,1,,,,,,,,,,
3825,3824,M_3825,,1,,,,,,,,,,
3828,3829,M_3828,,1,,,,,,,,,,
3829,3828,M_3829,,1,,,,,,,,,,
3832,3833,M_3832,,1,,,,,,,,,,
3833,3832,M_3833,,1,,,,,,,,,,
3840,3841,M_3840,,1,,,,1678,,,,,,1678-00-00
3841,3840,M_3841,,1,,,,1678,,,,,,1678-00-00
3842,3843,M_3842,,1,,,,,,,,,,
3843,3842,M_3843,,1,,,,,,,,,,
3844,3845,M_3844,,1,,,,,,,,,,
3845,3844,M_3845,,1,,,,,,,,,,
3848,3849,M_3848,,1,,,,,,,,,,
3849,3848,M_3849,,1,,,,,,,,,,
3856,3857,M_3856,,1,,,,,,,,,,
3857,3856,M_3857,,1,,,,,,,,,,
3860,3861,M_3860,,1,,,,,,,,,,
3861,3860,M_3861,,1,,,,,,,,,,
3862,3863,M_3862,,1,,,,,,,,,,
3863,3862,M_3863,,1,,,,,,,,,,
3864,3865,M_3864,,1,,,,,,,,,,
3865,3864,M_3865,,1,,,,,,,,,,
3868,3869,M_3868,,1,,,,,,,,,,
3869,3868,M_3869,,1,,,,,,,,,,
3870,3871,M_3870,,1,,,,,,,,,,
3871,3870,M_3871,,1,,,,,,,,,,
3874,3875,M_3874,,1,,,,,,,,,,
3875,3874,M_3875,,1,,,,,,,,,,
3876,3877,M_3876,,1,,,,,,,,,,
3877,3876,M_3877,,1,,,,,,,,,,
3878,3879,M_3878,,1,,,,,,,,,,
3879,3878,M_3879,,1,,,,,,,,,,
3888,3889,M_3888_1,,1,,,,,,,,,,
3888,7753,M_3888_2,,2,,,,,,,,,,
3889,3888,M_3889,,1,,,,,,,,,,
3890,3891,M_3890,,1,,,,,,,,,,
3891,3890,M_3891,,1,,,,,,,,,,
3896,,M_3896_1,,1,,,,,,,,,,
3896,,M_3896_2,,2,,,,,,,,,,
3898,3899,M_3898,,1,,,,,,,,,,
3899,3898,M_3899,,1,,,,,,,,,,
3908,3909,M_3908,,1,,,,1656,,,,,,1656-00-00
3909,3908,M_3909_1,,1,,,,,,,,,,
3909,3970,M_3909_2,,2,,,,,,,,,,
3944,3945,M_3944,,1,,,,,,,,,,
3945,3944,M_3945,,1,,,,,,,,,,
3948,3949,M_3948,,1,,,,,,,,,,
3949,3948,M_3949,,1,,,,,,,,,,
3950,3951,M_3950,,1,,,,,,,,,,
3951,3950,M_3951,,1,,,,,,,,,,
3952,3953,M_3952,,1,,,,,,,,,,
3953,3952,M_3953,,1,,,,,,,,,,
3970,3909,M_3970,,1,,,,,,,,,,
4016,4017,M_4016,,1,,,,,,,,,,
4017,4016,M_4017,,1,,,,,,,,,,
4020,4021,M_4020,,1,,,,,,,,,,
4021,4020,M_4021,,1,,,,,,,,,,
4032,,M_4032_1,,1,,,,,,,,,,
4032,4033,M_4032_2,,2,,,,,,,,,,
4033,4032,M_4033,,1,,,,,,,,,,
4034,4035,M_4034,,1,,,,,,,,,,
4035,4034,M_4035,,1,,,,,,,,,,
4036,,M_4036_1,,1,,,,1610,,,,,,1610-00-00
4036,4037,M_4036_2,,2,,,,1638,,,,,,1638-00-00
4037,4036,M_4037,,1,,,,,,,,,,
4052,4053,M_4052,,1,,,,,,,,,,
4053,4052,M_4053,,1,,,,,,,,,,
4054,4055,M_4054,,1,,,,,,,,,,
4055,4054,M_4055,,1,,,,,,,,,,
4056,4057,M_4056_4057,,,,,,,,,,,,
4057,4056,M_4057_4056,,,,,,,,,,,,
4072,4073,M_4072,,1,,,,,,,,,,
4073,4072,M_4073,,1,,,,,,,,,,
4080,4081,M_4080,,1,,,,,,,,,,
4081,4080,M_4081,,1,,,,,,,,,,
4088,4089,M_4088_4089,,,,,,,,,,,,
4089,4088,M_4089_4088,,,,,,,,,,,,
6708,6709,M_6708,,1,,,,,,,,,,
6709,6708,M_6709,,1,,,,,,,,,,
6936,6937,M_6936,,1,,,,,,,,,,
6937,6936,M_6937,,1,,,,,,,,,,
6938,6939,M_6938,,1,,,,,,,,,,
6939,6938,M_6939,,1,,,,,,,,,,
7140,7141,M_7140,,1,,,,,,,,,,
7141,7140,M_7141,,1,,,,,,,,,,
7328,7329,M_7328,,1,,,,,,,,,,
7329,7328,M_7329,,1,,,,,,,,,,
7344,7345,M_7344_7345,,,,,,,,,,,,
7345,7344,M_7345_7344,,,,,,,,,,,,
7346,7347,M_7346_7347,,,,,,,,,,,,
7347,7346,M_7347_7346,,,,,,,,,,,,
7356,7357,M_7356_7357,,,,,,,,,,,,
7357,7356,M_7357_7356,,,,,,,,,,,,
7556,7557,M_7556,,1,,,,,,,,,,
7557,7556,M_7557,,1,,,,,,,,,,
7618,7619,M_7618,,1,,,,,,,,,,
7619,7618,M_7619,,1,,,,,,,,,,
7620,7621,M_7620,,1,,,,,,,,,,
7621,7620,M_7621,,1,,,,,,,,,,
7624,7625,M_7624,,1,,,,,,,,,,
7625,7624,M_7625,,1,,,,,,,,,,
7626,7627,M_7626,,1,,,,,,,,,,
7627,7626,M_7627,,1,,,,,,,,,,
7628,7629,M_7628,,1,,,,,,,,,,
7629,7628,M_7629,,1,,,,,,,,,,
7630,7631,M_7630,,1,,,,,,,,,,
7631,7630,M_7631,,1,,,,,,,,,,
7632,7633,M_7632,,1,,,,,,,,,,
7633,7632,M_7633,,1,,,,,,,,,,
7648,7649,M_7648,,1,,,,,,,,,,
7649,7648,M_7649,,1,,,,,,,,,,
7650,7651,M_7650,,1,,,,,,,,,,
7651,7650,M_7651,,1,,,,,,,,,,
7658,7659,M_7658,,1,,,,,,,,,,
7659,7658,M_7659,,1,,,,,,,,,,
7664,7665,M_7664,,1,,,,,,,,,,
7665,7664,M_7665,,1,,,,,,,,,,
7682,7683,M_7682,,1,,,,,,,,,,
7683,7682,M_7683,,1,,,,,,,,,,
7684,7685,M_7684,,1,,,,,,,,,,
7685,7684,M_7685,,1,,,,,,,,,,
7686,7687,M_7686,,1,,,,,,,,,,
7687,7686,M_7687,,1,,,,,,,,,,
7696,7697,M_7696,,1,,,,,,,,,,
7697,7696,M_7697,,1,,,,,,,,,,
7720,7721,M_7720,,1,,,,,,,,,,
7721,7720,M_7721,,1,,,,,,,,,,
7724,7725,M_7724,,1,,,,,,,,,,
7725,7724,M_7725,,1,,,,,,,,,,
7728,7729,M_7728,,1,,,,,,,,,,
7729,7728,M_7729,,1,,,,,,,,,,
7730,7731,M_7730,,1,,,,,,,,,,
7731,7730,M_7731,,1,,,,,,,,,,
7736,7737,M_7736,,1,,,,,,,,,,
7737,7736,M_7737,,1,,,,,,,,,,
7740,7741,M_7740,,1,,,,,,,,,,
7741,7740,M_7741,,1,,,,,,,,,,
7748,7749,M_7748,,1,,,,,,,,,,
7749,7748,M_7749,,1,,,,,,,,,,
7753,3888,M_7753,,1,,,,,,,,,,
7754,7755,M_7754,,1,,,,,,,,,,
7755,7754,M_7755,,1,,,,,,,,,,
7758,7759,M_7758,,1,,,,,,,,,,
7759,7758,M_7759_1,,1,,,,1664,,,,,,1664-00-00
7759,,M_7759_2,,2,,,,1671,,,,,,1671-00-00
7776,7777,M_7776,,1,,,,,,,,,,
7777,7776,M_7777,,1,,,,,,,,,,
7780,7781,M_7780,,1,,,,,,,,,,
7781,7780,M_7781,,1,,,,,,,,,,
7792,7793,M_7792_1,,1,,,,,,,,,,
7792,,M_7792_2,,2,,,,,,,,,,
7792,,M_7792_3,,3,,,,,,,,,,
7793,7792,M_7793,,1,,,,,,,,,,
7816,7817,M_7816,,1,,,,1606,,,,,,1606-00-00
7817,7816,M_7817,,1,,,,,,,,,,
7818,7819,M_7818,,1,,,,,,,,,,
7819,7818,M_7819,,1,,,,,,,,,,
7888,7889,M_7888,,1,,,,,,,,,,
7889,7888,M_7889,,1,,,,,,,,,,
7896,7897,M_7896,,1,,,,,,,,,,
7897,7896,M_7897,,1,,,,,,,,,,
7900,7901,M_7900,,1,,,,,,,,,,
7901,7900,M_7901,,1,,,,,,,,,,
7904,,M_7904_1,,1,,,,,,,,,,
7904,7905,M_7904_2,,2,,,,,,,,,,
7905,7904,M_7905,,1,,,,,,,,,,
8032,8033,M_8032,,1,,,,,,,,,,
8033,8032,M_8033,,1,,,,,,,,,,
8034,8035,M_8034,,1,,,,,,,,,,
8035,8034,M_8035,,1,,,,,,,,,,
8064,8065,M_8064,,1,,,,,,,,,,
8065,8064,M_8065,,1,,,,,,,,,,
8104,8105,M_8104,,1,,,,,,,,,,
8105,8104,M_8105,,1,,,,,,,,,,
8108,8109,M_8108,,1,,,,,,,,,,
8109,8108,M_8109,,1,,,,,,,,,,
8110,8111,M_8110,,1,,,,,,,,,,
8111,8110,M_8111,,1,,,,,,,,,,
8144,8145,M_8144,,1,,,,,,,,,,
8145,8144,M_8145,,1,,,,,,,,,,
8146,8147,M_8146_8147,,,,,,,,,,,,
8147,8146,M_8147_8146,,,,,,,,,,,,
8176,8177,M_8176_8177,,,,,,,,,,,,
8177,8176,M_8177_8176,,,,,,,,,,,,
14656,14657,M_14656_14657,,,,,,,,,,,,
14657,14656,M_14657_14656,,,,,,,,,,,,
14660,14661,M_14660_14661,,,,,,,,,,,,
14661,14660,M_14661_14660,,,,,,,,,,,,
14664,14665,M_14664_14665,,,,,,,,,,,,
14665,14664,M_14665_14664,,,,,,,,,,,,
14688,14689,M_14688_14689,,,,,,,,,,,,
14689,14688,M_14689_14688,,,,,,,,,,,,
14690,14691,M_14690_14691,,,,,,,,,,,,
14691,14690,M_14691_14690,,,,,,,,,,,,
14692,14693,M_14692_14693,,,,,,,,,,,,
14693,14692,M_14693_14692,,,,,,,,,,,,
14712,14713,M_14712_14713,,,,,,,,,,,,
14713,14712,M_14713_14712,,,,,,,,,,,,
15104,15105,M_15104,,1,,,,,,,,,,
15105,15104,M_15105,,1,,,,,,,,,,
15112,15113,M_15112,,1,,,,,,,,,,
15113,15112,M_15113,,1,,,,,,,,,,
15120,15121,M_15120,,1,,,,,,,,,,
15121,15120,M_15121,,1,,,,,,,,,,
15232,15233,M_15232,,1,,,,,,,,,,
15233,15232,M_15233,,1,,,,,,,,,,
15236,15237,M_15236,,1,,,,,,,,,,
15237,15236,M_15237,,1,,,,,,,,,,
15240,15241,M_15240,,1,,,,,,,,,,
15241,15240,M_15241,,1,,,,,,,,,,
15248,15249,M_15248,,1,,,,1558,,,,,,1558-00-00
15249,15248,M_15249,,1,,,,,,,,,,
15252,15253,M_15252,,1,,,,,,,,,,
15253,15252,M_15253,,1,,,,,,,,,,
15258,15259,M_15258,,1,,,,,,,,,,
15259,15258,M_15259,,1,,,,,,,,,,
15260,15261,M_15260,,1,,,,,,,,,,
15261,15260,M_15261,,1,,,,,,,,,,
15262,15263,M_15262,,1,,,,,,,,,,
15263,15262,M_15263,,1,,,,,,,,,,
15264,15265,M_15264,,1,,,,,,,,,,
15265,15264,M_15265,,1,,,,,,,,,,
15296,15297,M_15296,,1,,,,,,,,,,
15297,15296,M_15297,,1,,,,,,,,,,
15300,15301,M_15300,,1,,,,,,,,,,
15301,15300,M_15301,,1,,,,,,,,,,
15316,15317,M_15316,,1,,,,,,,,,,
15317,15316,M_15317,,1,,,,,,,,,,
15318,15319,M_15318,,1,,,,,,,,,,
15319,15318,M_15319,,1,,,,,,,,,,
15328,15329,M_15328,,1,,,,,,,,,,
15329,15328,M_15329,,1,,,,,,,,,,
15366,15367,M_15366,,1,,,,,,,,,,
15367,15366,M_15367,,1,,,,,,,,,,
15370,15371,M_15370,,1,,,,1598,,,,,,1598-00-00
15371,15370,M_15371,,1,,,,,,,,,,
15372,15373,M_15372,,1,,,,,,,,,,
15373,15372,M_15373,,1,,,,,,,,,,
15392,15393,M_15392,,1,,,,,,,,,,
15393,15392,M_15393,,1,,,,,,,,,,
15444,15445,M_15444,,1,,,,,,,,,,
15445,15444,M_15445,,1,,,,,,,,,,
15448,15449,M_15448,,1,,,,,,,,,,
15449,15448,M_15449,,1,,,,,,,,,,
15460,15461,M_15460,,1,,,,,,,,,,
15461,15460,M_15461,,1,,,,,,,,,,
15472,15473,M_15472,,1,,,,,,,,,,
15473,15472,M_15473,,1,,,,,,,,,,
15474,15475,M_15474_1,,1,,,,,,,,,,
15474,,M_15474_2,,2,,,,,,,,,,
15475,15474,M_15475,,1,,,,,,,,,,
15496,15497,M_15496,,1,,,,,,,,,,
15497,15496,M_15497,,1,,,,,,,,,,
15498,15499,M_15498,,1,,,,,,,,,,
15499,15498,M_15499,,1,,,,,,,,,,
15508,15509,M_15508,,1,,,,,,,,,,
15509,15508,M_15509,,1,,,,,,,,,,
15518,15519,M_15518,,1,,,,,,,,,,
15519,15518,M_15519,,1,,,,,,,,,,
15552,15553,M_15552,,1,,,,,,,,,,
15553,15552,M_15553,,1,,,,,,,,,,
15562,15563,M_15562,,1,,,,,,,,,,
15563,15562,M_15563,,1,,,,,,,,,,
15564,15565,M_15564,,1,,,,,,,,,,
15565,15564,M_15565,,1,,,,,,,,,,
15584,15585,M_15584,,1,,,,,,,,,,
15585,15584,M_15585,,1,,,,,,,,,,
15586,15587,M_15586,,1,,,,,,,,,,
15587,15586,M_15587,,1,,,,,,,,,,
15592,15593,M_15592,,1,,,,,,,,,,
15593,15592,M_15593,,1,,,,,,,,,,
15632,15633,M_15632,,1,,,,1567,,,,,,1567-00-00
15633,15632,M_15633,,1,,,,,,,,,,
15776,15777,M_15776,,1,,,,,,,,,,
15777,15776,M_15777,,1,,,,,,,,,,
15778,15779,M_15778,,1,,,,,,,,,,
15779,15778,M_15779,,1,,,,,,,,,,
15808,15809,M_15808,,1,,,,,,,,,,
15809,15808,M_15809,,1,,,,,,,,,,
16066,16067,M_16066_1,,1,,,,,,,,,,
16066,,M_16066_2,,2,,,,,,,,,,
16067,16066,M_16067,,1,,,,,,,,,,
16068,16069,M_16068,,1,,,,,,,,,,
16069,16068,M_16069,,1,,,,,,,,,,
16080,16081,M_16080,,1,,,,,,,,,,
16081,16080,M_16081,,1,,,,,,,,,,
16128,16129,M_16128,,1,,,,,,,,,,
16129,16128,M_16129,,1,,,,,,,,,,
16144,16145,M_16144,,1,,,,,,,,,,
16145,16144,M_16145,,1,,,,,,,,,,
16220,,M_16220_1,,1,,,,,,,,,,
16220,,M_16220_2,,2,,,,,,,,,,
16220,,M_16220_3,,3,,,,,,,,,,
16288,16289,M_16288,,1,,,,,,,,,,
16289,16288,M_16289,,1,,,,,,,,,,
16294,16295,M_16294_16295,,,,,,,,,,,,
16295,16294,M_16295_16294,,,,,,,,,,,,
16352,16353,M_16352_16353,,,,,,,,,,,,
16353,16352,M_16353_16352,,,,,,,,,,,,
29312,,M_29312_1,,1,,,,,,,,,,
29312,,M_29312_2,,2,,,,,,,,,,
29312,29313,M_29312_29313,,,,,,,,,,,,
29313,29312,M_29313_29312,,,,,,,,,,,,
29320,29321,M_29320_29321,,,,,,,,,,,,
29321,29320,M_29321_29320,,,,,,,,,,,,
29328,29329,M_29328_29329,,,,,,,,,,,,
29329,29328,M_29329_29328,,,,,,,,,,,,
29330,29331,M_29330_29331,,,,,,,,,,,,
29331,29330,M_29331_29330,,,,,,,,,,,,
29376,29377,M_29376_29377,,,,,,,,,,,,
29377,29376,M_29377_29376,,,,,,,,,,,,
29380,29381,M_29380_29381,,,,,,,,,,,,
29381,29380,M_29381_29380,,,,,,,,,,,,
29382,29383,M_29382_29383,,,,,,,,,,,,
29383,29382,M_29383_29382,,,,,,,,,,,,
29384,29385,M_29384_29385,,,,,,,,,,,,
29385,29384,M_29385_29384,,,,,,,,,,,,
29386,29387,M_29386_29387,,,,,,,,,,,,
29387,29386,M_29387_29386,,,,,,,,,,,,
29424,29425,M_29424_29425,,,,,,,,,,,,
29425,29424,M_29425_29424,,,,,,,,,,,,
30224,30225,M_30224,,1,,,,,,,,,,
30225,30224,M_30225,,1,,,,,,,,,,
30226,30227,M_30226,,1,,,,,,,,,,
30227,30226,M_30227,,1,,,,,,,,,,
30240,30241,M_30240,,1,,,,,,,,,,
30241,30240,M_30241,,1,,,,,,,,,,
30464,30465,M_30464,,1,,,,,,,,,,
30465,30464,M_30465,,1,,,,,,,,,,
30474,30475,M_30474,,1,,,,,,,,,,
30475,30474,M_30475,,1,,,,,,,,,,
30476,30477,M_30476,,1,,,,1555,,,,,,1555-00-00
30477,30476,M_30477,,1,,,,,,,,,,
30484,30485,M_30484,,1,,,,,,,,,,
30485,30484,M_30485,,1,,,,,,,,,,
30506,30507,M_30506,,1,,,,,,,,,,
30507,30506,M_30507,,1,,,,,,,,,,
30520,,M_30520_1,,1,,,,,,,,,,
30520,30521,M_30520_2,,2,,,,,,,,,,
30521,30520,M_30521,,1,,,,,,,,,,
30602,30603,M_30602,,1,,,,,,,,,,
30603,30602,M_30603,,1,,,,,,,,,,
30632,30633,M_30632,,1,,,,,,,,,,
30633,30632,M_30633,,1,,,,,,,,,,
30636,30637,M_30636,,1,,,,,,,,,,
30637,30636,M_30637,,1,,,,,,,,,,
30656,30657,M_30656,,1,,,,,,,,,,
30657,30656,M_30657,,1,,,,,,,,,,
30658,30659,M_30658,,1,,,,,,,,,,
30659,30658,M_30659,,1,,,,,,,,,,
30728,30729,M_30728,,1,,,,,,,,,,
30729,30728,M_30729,,1,,,,,,,,,,
30732,30733,M_30732,,1,,,,,,,,,,
30733,30732,M_30733,,1,,,,,,,,,,
30736,30737,M_30736,,1,,,,,,,,,,
30737,30736,M_30737,,1,,,,,,,,,,
30740,30741,M_30740,,1,,,,,,,,,,
30741,30740,M_30741,,1,,,,,,,,,,
30744,30745,M_30744,,1,,,,,,,,,,
30745,30744,M_30745,,1,,,,,,,,,,
30784,30785,M_30784,,1,,,,,,,,,,
30785,30784,M_30785,,1,,,,,,,,,,
30920,30921,M_30920,,1,,,,,,,,,,
30921,,M_30921_1,,1,,,,,,,,,,
30921,30920,M_30921_2,,2,,,,1614,,,,,,1614-00-00
30922,30923,M_30922,,1,,,,,,,,,,
30923,30922,M_30923,,1,,,,,,,,,,
30944,30945,M_30944,,1,,,,,,,,,,
30945,30944,M_30945,,1,,,,,,,,,,
31036,31037,M_31036,,1,,,,,,,,,,
31037,,M_31037_1,,1,,,,,,,,,,
31037,31036,M_31037_2,,2,,,,,,,,,,
31120,31121,M_31120,,1,,,,,,,,,,
31121,31120,M_31121,,1,,,,,,,,,,
31168,31169,M_31168,,1,,,,,,,,,,
31169,31168,M_31169,,1,,,,,,,,,,
31172,31173,M_31172,,1,,,,,,,,,,
31173,31172,M_31173,,1,,,,,,,,,,
31264,31265,M_31264,,1,,,,1516,,,,,,1516-00-00
31265,31264,M_31265,,1,,,,,,,,,,
31616,31617,M_31616,,1,,,,,,,,,,
31617,31616,M_31617,,1,,,,,,,,,,
32132,,M_32132_1,,1,,,,,,,,,,
32132,,M_32132_2,,2,,,,,,,,,,
32160,32161,M_32160,,1,,,,,,,,,,
32161,32160,M_32161,,1,,,,,,,,,,
32256,32257,M_32256,,1,,,,,,,,,,
32257,32256,M_32257,,1,,,,,,,,,,
32288,32289,M_32288,,1,,,,,,,,,,
32289,32288,M_32289,,1,,,,,,,,,,
32440,32441,M_32440,,1,,,,,,,,,,
32441,32440,M_32441,,1,,,,,,,,,,
32576,32577,M_32576_32577,,,,,,,,,,,,
32577,32576,M_32577_32576,,,,,,,,,,,,
32582,32583,M_32582,,1,,,,,,,,,,
32583,32582,M_32583,,1,,,,,,,,,,
32588,32589,M_32588_32589,,,,,,,,,,,,
32589,32588,M_32589_32588,,,,,,,,,,,,
32590,32591,M_32590_32591,,,,,,,,,,,,
32591,32590,M_32591_32590,,,,,,,,,,,,
32704,32705,M_32704_32705,,,,,,,,,,,,
32705,32704,M_32705_32704,,,,,,,,,,,,
58624,58625,M_58624_58625,,,,,,,,,,,,
58625,58624,M_58625_58624,,,,,,,,,,,,
58640,58641,M_58640_58641,,,,,,,,,,,,
58641,58640,M_58641_58640,,,,,,,,,,,,
58656,58657,M_58656_58657,,,,,,,,,,,,
58657,58656,M_58657_58656,,,,,,,,,,,,
58752,58753,M_58752_58753,,,,,,,,,,,,
58753,58752,M_58753_58752,,,,,,,,,,,,
58762,58763,M_58762_58763,,,,,,,,,,,,
58763,58762,M_58763_58762,,,,,,,,,,,,
58764,58765,M_58764_58765,,,,,,,,,,,,
58765,58764,M_58765_58764,,,,,,,,,,,,
58768,58769,M_58768_58769,,,,,,,,,,,,
58769,58768,M_58769_58768,,,,,,,,,,,,
58772,58773,M_58772_58773,,,,,,,,,,,,
58773,58772,M_58773_58772,,,,,,,,,,,,
58848,58849,M_58848_58849,,,,,,,,,,,,
58849,58848,M_58849_58848,,,,,,,,,,,,
58852,58853,M_58852_58853,,,,,,,,,,,,
58853,58852,M_58853_58852,,,,,,,,,,,,
60482,60483,M_60482,,1,,,,,,,,,,
60483,60482,M_60483,,1,,,,,,,,,,
60952,60953,M_60952,,1,,,,,,,,,,
60953,60952,M_60953,,1,,,,,,,,,,
61012,61013,M_61012,,1,,,,,,,,,,
61013,61012,M_61013,,1,,,,,,,,,,
61042,61043,M_61042,,1,,,,1542,,,,,,1542-00-00
61043,61042,M_61043,,1,,,,,,,,,,
61204,61205,M_61204,,1,,,,,,,,,,
61205,61204,M_61205,,1,,,,,,,,,,
61272,61273,M_61272,,1,,,,,,,,,,
61273,61272,M_61273,,1,,,,,,,,,,
61312,61313,M_61312,,1,,,,,,,,,,
61313,61312,M_61313,,1,,,,,,,,,,
61314,61315,M_61314,,1,,,,,,,,,,
61315,61314,M_61315,,1,,,,,,,,,,
61316,61317,M_61316,,1,,,,,,,,,,
61317,61316,M_61317,,1,,,,,,,,,,
61464,61465,M_61464,,1,,,,,,,,,,
61465,61464,M_61465,,1,,,,,,,,,,
61466,61467,M_61466,,1,,,,,,,,,,
61467,61466,M_61467,,1,,,,,,,,,,
61480,61481,M_61480,,1,,,,1531,,,,,,1531-00-00
61481,61480,M_61481,,1,,,,,,,,,,
61484,61485,M_61484,,1,,,,,,,,,,
61485,61484,M_61485,,1,,,,,,,,,,
61490,61491,M_61490,,1,,,,1537,,,,,,1537-00-00
61491,61490,M_61491,,1,,,,,,,,,,
61568,61569,M_61568,,1,,,,,,,,,,
61569,61568,M_61569,,1,,,,,,,,,,
61840,61841,M_61840,,1,,,,,,,,,,
61841,61840,M_61841,,1,,,,,,,,,,
61842,61843,M_61842,,1,,,,,,,,,,
61843,61842,M_61843_1,,1,,,,,,,,,,
61843,,M_61843_2,,2,,,,,,,,,,
61843,,M_61843_3,,3,,,,,,,,,,
61888,61889,M_61888,,1,,,,,,,,,,
61889,61888,M_61889,,1,,,,,,,,,,
61984,61985,M_61984,,1,,,,,,,,,,
61985,61984,M_61985,,1,,,,,,,,,,
62074,62075,M_62074,,1,,,,,,,,,,
62075,62074,M_62075,,1,,,,,,,,,,
62260,62261,M_62260,,1,,,,,,,,,,
62261,62260,M_62261,,1,,,,,,,,,,
62336,62337,M_62336,,1,,,,,,,,,,
62337,62336,M_62337,,1,,,,,,,,,,
62528,62529,M_62528,,1,,,,,,,,,,
62529,62528,M_62529,,1,,,,,,,,,,
64264,64265,M_64264,,1,,,,,,,,,,
64265,64264,M_64265,,1,,,,,,,,,,
64320,64321,M_64320,,1,,,,1545,,,,,,1545-00-00
64321,64320,M_64321,,1,,,,,,,,,,
64512,64513,M_64512,,1,,,2,1494,,,,,,1494-02-00
64513,257056,M_64513_1,,1,,,,,,,,,,
64513,64512,M_64513_2,,2,,,,,,,,,,
65152,65153,M_65152_65153,,,,,,,,,,,,
65153,65152,M_65153_65152,,,,,,,,,,,,
65164,65165,M_65164,,1,,,,,,,,,,
65165,65164,M_65165,,1,,,,,,,,,,
65166,65167,M_65166,,1,,,,,,,,,,
65167,65166,M_65167,,1,,,,,,,,,,
65176,65177,M_65176_65177,,,,,,,,,,,,
65177,65176,M_65177_65176,,,,,,,,,,,,
65408,65409,M_65408_65409,,,,,,,,,,,,
65409,65408,M_65409_65408,,,,,,,,,,,,
117248,117249,M_117248_117249,,,,,,,,,,,,
117249,117248,M_117249_117248,,,,,,,,,,,,
117312,117313,M_117312_117313,,,,,,,,,,,,
117313,117312,M_117313_117312,,,,,,,,,,,,
117504,117505,M_117504_117505,,,,,,,,,,,,
117505,117504,M_117505_117504,,,,,,,,,,,,
117506,117507,M_117506_117507,,,,,,,,,,,,
117507,117506,M_117507_117506,,,,,,,,,,,,
117528,117529,M_117528_117529,,,,,,,,,,,,
117529,117528,M_117529_117528,,,,,,,,,,,,
117536,117537,M_117536_117537,,,,,,,,,,,,
117537,117536,M_117537_117536,,,,,,,,,,,,
117696,117697,M_117696_117697,,,,,,,,,,,,
117697,117696,M_117697_117696,,,,,,,,,,,,
117698,117699,M_117698_117699,,,,,,,,,,,,
117699,117698,M_117699_117698,,,,,,,,,,,,
117704,117705,M_117704_117705,,,,,,,,,,,,
117705,117704,M_117705_117704,,,,,,,,,,,,
122024,122025,M_122024,,1,,,,1460,,,,,,1460-00-00
122025,122024,M_122025,,1,,,,,,,,,,
122026,122027,M_122026,,1,,,,,,,,,,
122027,122026,M_122027,,1,,,,,,,,,,
122084,122085,M_122084,,1,,,,1526,,,,,,1526-00-00
122085,122084,M_122085,,1,,,,,,,,,,
122410,,M_122410_1,,1,,,,1480,,,,,,1480-00-00
122410,,M_122410_2,,2,,,,,,,,,,
122546,122547,M_122546,,1,,,,,,,,,,
122547,122546,M_122547,,1,,,,,,,,,,
122934,122935,M_122934,,1,,,,,,,,,,
122935,122934,M_122935,,1,,,,,,,,,,
122962,122963,M_122962,,1,,,,1501,,,,,,1501-00-00
122963,122962,M_122963,,1,,,,,,,,,,
123682,123683,M_123682,,1,,,,,,,,,,
123683,123682,M_123683,,1,,,,,,,,,,
123684,123685,M_123684,,1,,,,1574,,,,,,1574-00-00
123685,123684,M_123685,,1,,,,,,,,,,
123686,123687,M_123686,,1,,,,,,,,,,
123687,123686,M_123687,,1,,,,,,,,,,
123776,123777,M_123776,,1,,,,,,,,,,
123777,123776,M_123777,,1,,,,,,,,,,
123968,123969,M_123968,,1,,,,,,,,,,
123969,123968,M_123969,,1,,,,,,,,,,
124148,124149,M_124148,,1,,,,,,,,,,
124149,124148,M_124149,,1,,,,,,,,,,
124672,124673,M_124672,,1,,,,,,,,,,
124673,124672,M_124673,,1,,,,,,,,,,
124676,,M_124676_1,,1,,,,1490,,,,,,1490-00-00
124676,124677,M_124676_2,,2,,,,1502,,,,,,1502-00-00
124677,124676,M_124677,,1,,,,,,,,,,
128528,128529,M_128528,,1,,,,1513,,,,,,1513-00-00
128529,128528,M_128529,,1,,,,,,,,,,
129024,129025,M_129024,,1,,,1,1443,,,,,,1443-01-00
129025,489640,M_129025_1,,1,,,,,,,,,,
129025,129024,M_129025_2,,2,,,,,,,,,,
129026,129027,M_129026,,1,,,,,,,,,,
129027,129026,M_129027,,1,,,,,,,,,,
130304,64513,M_130304_64513,,,,,,,,,,,,
130306,130307,M_130306_130307,,,,,,,,,,,,
130307,130306,M_130307_130306,,,,,,,,,,,,
130328,130329,M_130328,,1,,,,,,,,,,
130329,130328,M_130329,,1,,,,,,,,,,
234624,234625,M_234624_234625,,,,,,,,,,,,
234625,234624,M_234625_234624,,,,,,,,,,,,
234626,234627,M_234626_234627,,,,,,,,,,,,
234627,234626,M_234627_234626,,,,,,,,,,,,
235008,235009,M_235008_235009,,,,,,,,,,,,
235009,235008,M_235009_235008,,,,,,,,,,,,
235014,235015,M_235014_235015,,,,,,,,,,,,
235015,235014,M_235015_235014,,,,,,,,,,,,
235056,235057,M_235056_235057,,,,,,,,,,,,
235057,235056,M_235057_235056,,,,,,,,,,,,
235058,235059,M_235058_235059,,,,,,,,,,,,
235059,235058,M_235059_235058,,,,,,,,,,,,
235072,235073,M_235072_235073,,,,,,,,,,,,
235073,235072,M_235073_235072,,,,,,,,,,,,
235392,235393,M_235392_235393,,,,,,,,,,,,
235393,235392,M_235393_235392,,,,,,,,,,,,
235394,235395,M_235394_235395,,,,,,,,,,,,
235395,235394,M_235395_235394,,,,,,,,,,,,
235408,235409,M_235408_235409,,,,,,,,,,,,
235409,235408,M_235409_235408,,,,,,,,,,,,
244820,,M_244820,,1,,,,1478,,,,,,1478-00-00
245926,245927,M_245926,,1,,,,,,,,,,
245927,245926,M_245927,,1,,,,,,,,,,
247364,247365,M_247364,,1,,,,,,,,,,
247365,989500,M_247365_1,,1,,,,,,,,,,
247365,247364,M_247365_2,,2,,,,,,,,,,
247368,247369,M_247368,,1,,,,1500,,,,,,1500-00-00
247369,247368,M_247369,,1,,,,,,,,,,
247372,247373,M_247372,,1,,,,,,,,,,
247373,247372,M_247373,,1,,,,,,,,,,
247374,247375,M_247374,,1,,,,1541,,,,,,1541-00-00
247375,247374,M_247375,,1,,,,,,,,,,
247936,247937,M_247936,,1,,,,,,,,,,
247937,247936,M_247937,,1,,,,,,,,,,
249346,249347,M_249346,,1,,,,,,,,,,
249347,249346,M_249347,,1,,,,,,,,,,
257056,64513,M_257056,,1,,,,,,,,,,
257058,257059,M_257058,,1,,,1,1492,,,,,,1492-01-00
257059,257058,M_257059,,1,,,,,,,,,,
470024,470025,M_470024_470025,,,,,,,,,,,,
470025,470024,M_470025_470024,,,,,,,,,,,,
470114,470115,M_470114_470115,,,,,,,,,,,,
470115,470114,M_470115_470114,,,,,,,,,,,,
470144,470145,M_470144_470145,,,,,,,,,,,,
470145,470144,M_470145_470144,,,,,,,,,,,,
470146,470147,M_470146_470147,,,,,,,,,,,,
470147,470146,M_470147_470146,,,,,,,,,,,,
470816,470817,M_470816_470817,,,,,,,,,,,,
470817,470816,M_470817_470816,,,,,,,,,,,,
470818,470819,M_470818_470819,,,,,,,,,,,,
470819,470818,M_470819_470818,,,,,,,,,,,,
489640,129025,M_489640,,1,,,,,,,,,,
491855,,M_491855_1,,1,,,,,,,,,,
491855,,M_491855_2,,2,,,,,,,,,,
491855,,M_491855_3,,3,,,,,,,,,,
494730,494731,M_494730,,1,,,,,,,,,,
494731,494730,M_494731,,1,,,,,,,,,,
494738,494739,M_494738_1,,1,,,,,,,,,,
494738,,M_494738_2,,2,,,,1520,,,,,,1520-00-00
494739,494738,M_494739,,1,,,,,,,,,,
494750,,M_494750_1,,1,,,,1520,,,,,,1520-00-00
494750,,M_494750_2,,2,,,,1541,,,,,,1541-00-00
514116,,M_514116,,1,,,,,,,,,,
521226,521227,M_521226_521227,,,,,,,,,,,,
521227,521226,M_521227_521226,,,,,,,,,,,,
940230,940231,M_940230_940231,,,,,,,,,,,,
940231,940230,M_940231_940230,,,,,,,,,,,,
940292,940293,M_940292_940293,,,,,,,,,,,,
940293,940292,M_940293_940292,,,,,,,,,,,,
941634,941635,M_941634_941635,,,,,,,,,,,,
941635,941634,M_941635_941634,,,,,,,,,,,,
941638,941639,M_941638_941639,,,,,,,,,,,,
941639,941638,M_941639_941638,,,,,,,,,,,,
989500,247365,M_989500,,1,,,,1492,,,,,,1492-00-00
1028234,1028235,M_1028234,,1,,,,,,,,,,
1028235,1028234,M_1028235,,1,,,,,,,,,,
1880586,1880587,M_1880586_1880587,,,,,,,,,,,,
1880587,1880586,M_1880587_1880586,,,,,,,,,,,,
1880602,1880603,M_1880602_1880603,,,,,,,,,,,,
1880603,1880602,M_1880603_1880602,,,,,,,,,,,,
1979000,1979001,M_1979000,,1,,,,,,,,,,
1979001,1979000,M_1979001,,1,,,,,,,,,,
3761172,3761173,M_3761172_3761173,,,,,,,,,,,,
3761173,3761172,M_3761173_3761172,,,,,,,,,,,,
3761174,3761175,M_3761174_3761175,,,,,,,,,,,,
3761175,3761174,M_3761175_3761174,,,,,,,,,,,,
3766528,3766529,M_3766528_3766529,,,,,,,,,,,,
3766529,3766528,M_3766529_3766528,,,,,,,,,,,,
7533056,7533057,M_7533056_7533057,,,,,,,,,,,,
7533057,7533056,M_7533057_7533056,,,,,,,,,,,,
15044688,15044689,M_15044688_15044689,,,,,,,,,,,,
15044689,15044688,M_15044689_15044688,,,,,,,,,,,,
30089600,30089601,M_30089600_30089601,,,,,,,,,,,,
30089601,30089600,M_30089601_30089600,,,,,,,,,,,,
123246084096,123246084097,M_123246084096_123246084097,,,,,,,,,,,,
123246084097,123246084096,M_123246084097_123246084096,,,,,,,,,,,,
1971937345536,1971937345537,M_1971937345536_1971937345537,,,,,,,,,,,,
1971937345537,1971937345536,M_1971937345537_1971937345536,,,,,,,,,,,,